discharge_date,facility_id,unit_id,discharges,oob_cases,post_ready_hard_cap_cases,median_los_hours,median_post_ready_delay_hours,oob_rate,centerline_oob_rate,sigma_oob_rate,upper_control_limit,control_chart_signal_flag,top_blocker,estimated_bed_days_recoverable
2026-01-04,FAC_000,cardiac,1,0,0,72.83,,0.0,0.06924447070445128,0.09659232568001626,0.35902144774450007,False,computed_after_attribution,
2026-01-05,FAC_000,acute_medicine,3,0,0,108.74,8.05,0.0,0.07808876680060754,0.11617284736750288,0.4266073089031162,False,computed_after_attribution,
2026-01-05,FAC_000,cardiac,9,0,0,95.51,13.49,0.0,0.06924447070445128,0.09659232568001626,0.35902144774450007,False,computed_after_attribution,
2026-01-05,FAC_000,surgical,9,0,0,100.34,18.24,0.0,0.07316705694159722,0.07293455991495565,0.29197073668646417,False,computed_after_attribution,
2026-01-06,FAC_000,acute_medicine,13,0,0,118.45,17.28,0.0,0.07808876680060754,0.11617284736750288,0.4266073089031162,False,computed_after_attribution,
2026-01-06,FAC_000,cardiac,13,0,0,101.33,15.34,0.0,0.06924447070445128,0.09659232568001626,0.35902144774450007,False,computed_after_attribution,
2026-01-06,FAC_000,orthopedics,4,0,0,130.54000000000002,16.405,0.0,0.07606698271354821,0.07713776080666754,0.3074802651335508,False,computed_after_attribution,
2026-01-06,FAC_000,respiratory,10,0,0,124.61500000000001,15.16,0.0,0.06556777231891074,0.07226501698408233,0.28236282327115775,False,computed_after_attribution,
2026-01-06,FAC_000,surgical,13,0,0,105.85,12.08,0.0,0.07316705694159722,0.07293455991495565,0.29197073668646417,False,computed_after_attribution,
2026-01-07,FAC_000,acute_medicine,28,0,0,126.775,18.305,0.0,0.07808876680060754,0.11617284736750288,0.4266073089031162,False,computed_after_attribution,
2026-01-07,FAC_000,cardiac,7,0,0,116.55,16.36,0.0,0.06924447070445128,0.09659232568001626,0.35902144774450007,False,computed_after_attribution,
2026-01-07,FAC_000,orthopedics,7,0,0,131.26,13.21,0.0,0.07606698271354821,0.07713776080666754,0.3074802651335508,False,computed_after_attribution,
2026-01-07,FAC_000,respiratory,17,0,0,127.01,13.51,0.0,0.06556777231891074,0.07226501698408233,0.28236282327115775,False,computed_after_attribution,
2026-01-07,FAC_000,surgical,20,0,0,115.975,18.335,0.0,0.07316705694159722,0.07293455991495565,0.29197073668646417,False,computed_after_attribution,
2026-01-07,FAC_000,transitional_care,5,0,0,141.07,7.26,0.0,0.09458620815102602,0.16676486524370568,0.594880803882143,False,computed_after_attribution,
2026-01-08,FAC_000,acute_medicine,36,2,3,124.07,17.62,0.05555555555555555,0.07808876680060754,0.11617284736750288,0.4266073089031162,False,computed_after_attribution,
2026-01-08,FAC_000,cardiac,9,1,0,109.32,22.53,0.1111111111111111,0.06924447070445128,0.09659232568001626,0.35902144774450007,False,computed_after_attribution,
2026-01-08,FAC_000,orthopedics,10,0,0,143.195,18.565,0.0,0.07606698271354821,0.07713776080666754,0.3074802651335508,False,computed_after_attribution,
2026-01-08,FAC_000,respiratory,25,3,3,138.65,20.384999999999998,0.12,0.06556777231891074,0.07226501698408233,0.28236282327115775,False,computed_after_attribution,
2026-01-08,FAC_000,surgical,18,1,0,116.935,16.535,0.05555555555555555,0.07316705694159722,0.07293455991495565,0.29197073668646417,False,computed_after_attribution,
2026-01-08,FAC_000,transitional_care,12,0,0,155.57,16.455,0.0,0.09458620815102602,0.16676486524370568,0.594880803882143,False,computed_after_attribution,
2026-01-09,FAC_000,acute_medicine,37,2,2,131.51,16.880000000000003,0.05405405405405406,0.07808876680060754,0.11617284736750288,0.4266073089031162,False,computed_after_attribution,
2026-01-09,FAC_000,cardiac,11,0,1,116.19,18.76,0.0,0.06924447070445128,0.09659232568001626,0.35902144774450007,False,computed_after_attribution,
2026-01-09,FAC_000,orthopedics,15,1,0,134.75,17.68,0.06666666666666667,0.07606698271354821,0.07713776080666754,0.3074802651335508,False,computed_after_attribution,
2026-01-09,FAC_000,respiratory,19,1,2,140.51,17.1,0.05263157894736842,0.06556777231891074,0.07226501698408233,0.28236282327115775,False,computed_after_attribution,
2026-01-09,FAC_000,surgical,16,1,1,116.1,14.77,0.0625,0.07316705694159722,0.07293455991495565,0.29197073668646417,False,computed_after_attribution,
2026-01-09,FAC_000,transitional_care,10,1,0,160.95,16.495,0.1,0.09458620815102602,0.16676486524370568,0.594880803882143,False,computed_after_attribution,
2026-01-10,FAC_000,acute_medicine,26,2,2,121.295,15.81,0.07692307692307693,0.07808876680060754,0.11617284736750288,0.4266073089031162,False,computed_after_attribution,
2026-01-10,FAC_000,cardiac,19,0,0,110.92,20.98,0.0,0.06924447070445128,0.09659232568001626,0.35902144774450007,False,computed_after_attribution,
2026-01-10,FAC_000,orthopedics,10,0,0,141.26999999999998,17.46,0.0,0.07606698271354821,0.07713776080666754,0.3074802651335508,False,computed_after_attribution,
2026-01-10,FAC_000,respiratory,17,0,0,133.19,18.12,0.0,0.06556777231891074,0.07226501698408233,0.28236282327115775,False,computed_after_attribution,
2026-01-10,FAC_000,surgical,14,1,1,126.44,21.915,0.07142857142857142,0.07316705694159722,0.07293455991495565,0.29197073668646417,False,computed_after_attribution,
2026-01-10,FAC_000,transitional_care,20,0,1,170.655,19.439999999999998,0.0,0.09458620815102602,0.16676486524370568,0.594880803882143,False,computed_after_attribution,
2026-01-11,FAC_000,acute_medicine,26,0,0,131.24,15.684999999999999,0.0,0.07808876680060754,0.11617284736750288,0.4266073089031162,False,computed_after_attribution,
2026-01-11,FAC_000,cardiac,9,0,0,96.74,14.53,0.0,0.06924447070445128,0.09659232568001626,0.35902144774450007,False,computed_after_attribution,
2026-01-11,FAC_000,orthopedics,11,2,1,145.18,14.75,0.18181818181818182,0.07606698271354821,0.07713776080666754,0.3074802651335508,False,computed_after_attribution,
2026-01-11,FAC_000,respiratory,22,0,1,135.805,16.11,0.0,0.06556777231891074,0.07226501698408233,0.28236282327115775,False,computed_after_attribution,
2026-01-11,FAC_000,surgical,15,2,1,112.09,18.45,0.13333333333333333,0.07316705694159722,0.07293455991495565,0.29197073668646417,False,computed_after_attribution,
2026-01-11,FAC_000,transitional_care,15,3,3,174.15,21.84,0.2,0.09458620815102602,0.16676486524370568,0.594880803882143,False,computed_after_attribution,
2026-01-12,FAC_000,acute_medicine,34,2,2,126.715,14.93,0.058823529411764705,0.07808876680060754,0.11617284736750288,0.4266073089031162,False,computed_after_attribution,
2026-01-12,FAC_000,cardiac,21,2,1,115.41,20.465000000000003,0.09523809523809523,0.06924447070445128,0.09659232568001626,0.35902144774450007,False,computed_after_attribution,
2026-01-12,FAC_000,orthopedics,16,2,0,144.99,21.815,0.125,0.07606698271354821,0.07713776080666754,0.3074802651335508,False,computed_after_attribution,
2026-01-12,FAC_000,respiratory,16,1,0,140.95,21.15,0.0625,0.06556777231891074,0.07226501698408233,0.28236282327115775,False,computed_after_attribution,
2026-01-12,FAC_000,surgical,16,2,0,113.03999999999999,15.59,0.125,0.07316705694159722,0.07293455991495565,0.29197073668646417,False,computed_after_attribution,
2026-01-12,FAC_000,transitional_care,13,0,0,166.97,18.92,0.0,0.09458620815102602,0.16676486524370568,0.594880803882143,False,computed_after_attribution,
2026-01-13,FAC_000,acute_medicine,24,1,4,132.38,22.09,0.041666666666666664,0.07808876680060754,0.11617284736750288,0.4266073089031162,False,computed_after_attribution,
2026-01-13,FAC_000,cardiac,13,1,0,108.05,17.465,0.07692307692307693,0.06924447070445128,0.09659232568001626,0.35902144774450007,False,computed_after_attribution,
2026-01-13,FAC_000,orthopedics,24,4,0,145.07999999999998,21.525,0.16666666666666666,0.07606698271354821,0.07713776080666754,0.3074802651335508,False,computed_after_attribution,
2026-01-13,FAC_000,respiratory,23,1,2,130.28,17.99,0.043478260869565216,0.06556777231891074,0.07226501698408233,0.28236282327115775,False,computed_after_attribution,
2026-01-13,FAC_000,surgical,12,1,0,110.515,17.12,0.08333333333333333,0.07316705694159722,0.07293455991495565,0.29197073668646417,False,computed_after_attribution,
2026-01-13,FAC_000,transitional_care,21,2,2,164.47,16.115000000000002,0.09523809523809523,0.09458620815102602,0.16676486524370568,0.594880803882143,False,computed_after_attribution,
2026-01-14,FAC_000,acute_medicine,24,0,0,123.22,13.65,0.0,0.07808876680060754,0.11617284736750288,0.4266073089031162,False,computed_after_attribution,
2026-01-14,FAC_000,cardiac,14,1,1,112.37,17.45,0.07142857142857142,0.06924447070445128,0.09659232568001626,0.35902144774450007,False,computed_after_attribution,
2026-01-14,FAC_000,orthopedics,22,2,0,147.625,19.835,0.09090909090909091,0.07606698271354821,0.07713776080666754,0.3074802651335508,False,computed_after_attribution,
2026-01-14,FAC_000,respiratory,20,2,0,128.66000000000003,15.885,0.1,0.06556777231891074,0.07226501698408233,0.28236282327115775,False,computed_after_attribution,
2026-01-14,FAC_000,surgical,18,2,2,124.375,19.79,0.1111111111111111,0.07316705694159722,0.07293455991495565,0.29197073668646417,False,computed_after_attribution,
2026-01-14,FAC_000,transitional_care,13,1,1,166.12,14.67,0.07692307692307693,0.09458620815102602,0.16676486524370568,0.594880803882143,False,computed_after_attribution,
2026-01-15,FAC_000,acute_medicine,30,3,2,134.055,25.055,0.1,0.07808876680060754,0.11617284736750288,0.4266073089031162,False,computed_after_attribution,
2026-01-15,FAC_000,cardiac,11,1,1,109.83,15.55,0.09090909090909091,0.06924447070445128,0.09659232568001626,0.35902144774450007,False,computed_after_attribution,
2026-01-15,FAC_000,orthopedics,9,1,0,142.77,13.13,0.1111111111111111,0.07606698271354821,0.07713776080666754,0.3074802651335508,False,computed_after_attribution,
2026-01-15,FAC_000,respiratory,27,1,1,130.61,17.815,0.037037037037037035,0.06556777231891074,0.07226501698408233,0.28236282327115775,False,computed_after_attribution,
2026-01-15,FAC_000,surgical,19,2,0,111.73,18.195,0.10526315789473684,0.07316705694159722,0.07293455991495565,0.29197073668646417,False,computed_after_attribution,
2026-01-15,FAC_000,transitional_care,13,1,0,165.89,14.47,0.07692307692307693,0.09458620815102602,0.16676486524370568,0.594880803882143,False,computed_after_attribution,
2026-01-16,FAC_000,acute_medicine,20,1,1,122.13,15.9,0.05,0.07808876680060754,0.11617284736750288,0.4266073089031162,False,computed_after_attribution,
2026-01-16,FAC_000,cardiac,7,0,0,112.43,20.255,0.0,0.06924447070445128,0.09659232568001626,0.35902144774450007,False,computed_after_attribution,
2026-01-16,FAC_000,orthopedics,12,0,0,145.56,12.44,0.0,0.07606698271354821,0.07713776080666754,0.3074802651335508,False,computed_after_attribution,
2026-01-16,FAC_000,respiratory,19,1,0,132.93,20.56,0.05263157894736842,0.06556777231891074,0.07226501698408233,0.28236282327115775,False,computed_after_attribution,
2026-01-16,FAC_000,surgical,17,1,0,113.04,22.3,0.058823529411764705,0.07316705694159722,0.07293455991495565,0.29197073668646417,False,computed_after_attribution,
2026-01-16,FAC_000,transitional_care,22,0,0,159.35,17.39,0.0,0.09458620815102602,0.16676486524370568,0.594880803882143,False,computed_after_attribution,
2026-01-17,FAC_000,acute_medicine,31,1,0,127.92,17.165,0.03225806451612903,0.07808876680060754,0.11617284736750288,0.4266073089031162,False,computed_after_attribution,
2026-01-17,FAC_000,cardiac,10,1,1,114.805,20.205,0.1,0.06924447070445128,0.09659232568001626,0.35902144774450007,False,computed_after_attribution,
2026-01-17,FAC_000,orthopedics,11,2,1,136.5,21.44,0.18181818181818182,0.07606698271354821,0.07713776080666754,0.3074802651335508,False,computed_after_attribution,
2026-01-17,FAC_000,respiratory,14,1,1,134.81,19.2,0.07142857142857142,0.06556777231891074,0.07226501698408233,0.28236282327115775,False,computed_after_attribution,
2026-01-17,FAC_000,surgical,14,1,0,122.42,18.64,0.07142857142857142,0.07316705694159722,0.07293455991495565,0.29197073668646417,False,computed_after_attribution,
2026-01-17,FAC_000,transitional_care,11,0,0,163.54,17.19,0.0,0.09458620815102602,0.16676486524370568,0.594880803882143,False,computed_after_attribution,
2026-01-18,FAC_000,acute_medicine,34,2,2,123.095,17.625,0.058823529411764705,0.07808876680060754,0.11617284736750288,0.4266073089031162,False,computed_after_attribution,
2026-01-18,FAC_000,cardiac,20,0,0,103.725,16.509999999999998,0.0,0.06924447070445128,0.09659232568001626,0.35902144774450007,False,computed_after_attribution,
2026-01-18,FAC_000,orthopedics,10,1,2,146.675,16.18,0.1,0.07606698271354821,0.07713776080666754,0.3074802651335508,False,computed_after_attribution,
2026-01-18,FAC_000,respiratory,23,0,0,129.87,18.61,0.0,0.06556777231891074,0.07226501698408233,0.28236282327115775,False,computed_after_attribution,
2026-01-18,FAC_000,surgical,19,0,1,115.98,18.65,0.0,0.07316705694159722,0.07293455991495565,0.29197073668646417,False,computed_after_attribution,
2026-01-18,FAC_000,transitional_care,24,1,1,173.675,18.525,0.041666666666666664,0.09458620815102602,0.16676486524370568,0.594880803882143,False,computed_after_attribution,
2026-01-19,FAC_000,acute_medicine,36,4,3,132.04,20.340000000000003,0.1111111111111111,0.07808876680060754,0.11617284736750288,0.4266073089031162,False,computed_after_attribution,
2026-01-19,FAC_000,cardiac,11,2,2,101.77,14.15,0.18181818181818182,0.06924447070445128,0.09659232568001626,0.35902144774450007,False,computed_after_attribution,
2026-01-19,FAC_000,orthopedics,16,2,0,142.08999999999997,16.475,0.125,0.07606698271354821,0.07713776080666754,0.3074802651335508,False,computed_after_attribution,
2026-01-19,FAC_000,respiratory,19,3,2,133.84,23.91,0.15789473684210525,0.06556777231891074,0.07226501698408233,0.28236282327115775,False,computed_after_attribution,
2026-01-19,FAC_000,surgical,14,1,0,120.1,21.51,0.07142857142857142,0.07316705694159722,0.07293455991495565,0.29197073668646417,False,computed_after_attribution,
2026-01-19,FAC_000,transitional_care,19,5,2,176.41,21.26,0.2631578947368421,0.09458620815102602,0.16676486524370568,0.594880803882143,False,computed_after_attribution,
2026-01-20,FAC_000,acute_medicine,32,7,4,135.535,24.095,0.21875,0.07808876680060754,0.11617284736750288,0.4266073089031162,False,computed_after_attribution,
2026-01-20,FAC_000,cardiac,16,3,3,102.6,19.285,0.1875,0.06924447070445128,0.09659232568001626,0.35902144774450007,False,computed_after_attribution,
2026-01-20,FAC_000,orthopedics,9,1,0,148.94,16.34,0.1111111111111111,0.07606698271354821,0.07713776080666754,0.3074802651335508,False,computed_after_attribution,
2026-01-20,FAC_000,respiratory,19,2,2,130.72,16.96,0.10526315789473684,0.06556777231891074,0.07226501698408233,0.28236282327115775,False,computed_after_attribution,
2026-01-20,FAC_000,surgical,22,2,3,117.24,18.68,0.09090909090909091,0.07316705694159722,0.07293455991495565,0.29197073668646417,False,computed_after_attribution,
2026-01-20,FAC_000,transitional_care,15,2,0,163.36,21.49,0.13333333333333333,0.09458620815102602,0.16676486524370568,0.594880803882143,False,computed_after_attribution,
2026-01-21,FAC_000,acute_medicine,35,4,4,136.84,19.520000000000003,0.11428571428571428,0.07808876680060754,0.11617284736750288,0.4266073089031162,False,computed_after_attribution,
2026-01-21,FAC_000,cardiac,13,1,1,103.47,19.01,0.07692307692307693,0.06924447070445128,0.09659232568001626,0.35902144774450007,False,computed_after_attribution,
2026-01-21,FAC_000,orthopedics,21,3,2,145.84,20.090000000000003,0.14285714285714285,0.07606698271354821,0.07713776080666754,0.3074802651335508,False,computed_after_attribution,
2026-01-21,FAC_000,respiratory,21,2,1,130.42,20.335,0.09523809523809523,0.06556777231891074,0.07226501698408233,0.28236282327115775,False,computed_after_attribution,
2026-01-21,FAC_000,surgical,17,3,1,111.26,22.67,0.17647058823529413,0.07316705694159722,0.07293455991495565,0.29197073668646417,False,computed_after_attribution,
2026-01-21,FAC_000,transitional_care,12,2,1,163.28,16.84,0.16666666666666666,0.09458620815102602,0.16676486524370568,0.594880803882143,False,computed_after_attribution,
2026-01-22,FAC_000,acute_medicine,34,4,4,128.55,19.06,0.11764705882352941,0.07808876680060754,0.11617284736750288,0.4266073089031162,False,computed_after_attribution,
2026-01-22,FAC_000,cardiac,14,1,1,108.495,16.595,0.07142857142857142,0.06924447070445128,0.09659232568001626,0.35902144774450007,False,computed_after_attribution,
2026-01-22,FAC_000,orthopedics,13,0,0,132.81,14.515,0.0,0.07606698271354821,0.07713776080666754,0.3074802651335508,False,computed_after_attribution,
2026-01-22,FAC_000,respiratory,18,2,2,136.135,21.46,0.1111111111111111,0.06556777231891074,0.07226501698408233,0.28236282327115775,False,computed_after_attribution,
2026-01-22,FAC_000,surgical,21,3,1,117.9,17.035,0.14285714285714285,0.07316705694159722,0.07293455991495565,0.29197073668646417,False,computed_after_attribution,
2026-01-22,FAC_000,transitional_care,13,2,2,156.46,20.93,0.15384615384615385,0.09458620815102602,0.16676486524370568,0.594880803882143,False,computed_after_attribution,
2026-01-23,FAC_000,acute_medicine,22,1,2,130.12,20.48,0.045454545454545456,0.07808876680060754,0.11617284736750288,0.4266073089031162,False,computed_after_attribution,
2026-01-23,FAC_000,cardiac,12,2,1,111.45,16.950000000000003,0.16666666666666666,0.06924447070445128,0.09659232568001626,0.35902144774450007,False,computed_after_attribution,
2026-01-23,FAC_000,orthopedics,13,0,0,133.55,20.81,0.0,0.07606698271354821,0.07713776080666754,0.3074802651335508,False,computed_after_attribution,
2026-01-23,FAC_000,respiratory,24,3,0,136.51999999999998,17.62,0.125,0.06556777231891074,0.07226501698408233,0.28236282327115775,False,computed_after_attribution,
2026-01-23,FAC_000,surgical,17,4,2,123.55,18.82,0.23529411764705882,0.07316705694159722,0.07293455991495565,0.29197073668646417,False,computed_after_attribution,
2026-01-23,FAC_000,transitional_care,15,1,0,157.86,15.41,0.06666666666666667,0.09458620815102602,0.16676486524370568,0.594880803882143,False,computed_after_attribution,
2026-01-24,FAC_000,acute_medicine,26,2,0,133.225,22.36,0.07692307692307693,0.07808876680060754,0.11617284736750288,0.4266073089031162,False,computed_after_attribution,
2026-01-24,FAC_000,cardiac,15,2,1,105.29,21.285,0.13333333333333333,0.06924447070445128,0.09659232568001626,0.35902144774450007,False,computed_after_attribution,
2026-01-24,FAC_000,orthopedics,15,0,0,140.23,22.49,0.0,0.07606698271354821,0.07713776080666754,0.3074802651335508,False,computed_after_attribution,
2026-01-24,FAC_000,respiratory,20,2,1,131.8,19.54,0.1,0.06556777231891074,0.07226501698408233,0.28236282327115775,False,computed_after_attribution,
2026-01-24,FAC_000,surgical,19,1,0,113.74,19.8,0.05263157894736842,0.07316705694159722,0.07293455991495565,0.29197073668646417,False,computed_after_attribution,
2026-01-24,FAC_000,transitional_care,11,2,1,170.47,18.3,0.18181818181818182,0.09458620815102602,0.16676486524370568,0.594880803882143,False,computed_after_attribution,
2026-01-25,FAC_000,acute_medicine,36,3,1,130.07,18.83,0.08333333333333333,0.07808876680060754,0.11617284736750288,0.4266073089031162,False,computed_after_attribution,
2026-01-25,FAC_000,cardiac,15,1,0,99.1,15.32,0.06666666666666667,0.06924447070445128,0.09659232568001626,0.35902144774450007,False,computed_after_attribution,
2026-01-25,FAC_000,orthopedics,12,1,0,142.875,17.72,0.08333333333333333,0.07606698271354821,0.07713776080666754,0.3074802651335508,False,computed_after_attribution,
2026-01-25,FAC_000,respiratory,20,1,0,136.25,21.17,0.05,0.06556777231891074,0.07226501698408233,0.28236282327115775,False,computed_after_attribution,
2026-01-25,FAC_000,surgical,20,0,0,113.51,17.53,0.0,0.07316705694159722,0.07293455991495565,0.29197073668646417,False,computed_after_attribution,
2026-01-25,FAC_000,transitional_care,10,1,0,157.21499999999997,18.445,0.1,0.09458620815102602,0.16676486524370568,0.594880803882143,False,computed_after_attribution,
2026-01-26,FAC_000,acute_medicine,28,5,5,131.97,20.39,0.17857142857142858,0.07808876680060754,0.11617284736750288,0.4266073089031162,False,computed_after_attribution,
2026-01-26,FAC_000,cardiac,12,0,0,102.845,14.765,0.0,0.06924447070445128,0.09659232568001626,0.35902144774450007,False,computed_after_attribution,
2026-01-26,FAC_000,orthopedics,15,0,0,141.69,21.24,0.0,0.07606698271354821,0.07713776080666754,0.3074802651335508,False,computed_after_attribution,
2026-01-26,FAC_000,respiratory,22,1,0,135.435,15.51,0.045454545454545456,0.06556777231891074,0.07226501698408233,0.28236282327115775,False,computed_after_attribution,
2026-01-26,FAC_000,surgical,19,1,2,122.94,18.88,0.05263157894736842,0.07316705694159722,0.07293455991495565,0.29197073668646417,False,computed_after_attribution,
2026-01-26,FAC_000,transitional_care,19,1,1,160.1,18.705,0.05263157894736842,0.09458620815102602,0.16676486524370568,0.594880803882143,False,computed_after_attribution,
2026-01-27,FAC_000,acute_medicine,27,5,6,131.13,21.68,0.18518518518518517,0.07808876680060754,0.11617284736750288,0.4266073089031162,False,computed_after_attribution,
2026-01-27,FAC_000,cardiac,16,2,2,113.69,20.485,0.125,0.06924447070445128,0.09659232568001626,0.35902144774450007,False,computed_after_attribution,
2026-01-27,FAC_000,orthopedics,5,0,0,140.52,12.5,0.0,0.07606698271354821,0.07713776080666754,0.3074802651335508,False,computed_after_attribution,
2026-01-27,FAC_000,respiratory,20,2,1,133.755,17.445,0.1,0.06556777231891074,0.07226501698408233,0.28236282327115775,False,computed_after_attribution,
2026-01-27,FAC_000,surgical,10,0,1,117.92500000000001,19.565,0.0,0.07316705694159722,0.07293455991495565,0.29197073668646417,False,computed_after_attribution,
2026-01-27,FAC_000,transitional_care,20,1,1,167.69,28.36,0.05,0.09458620815102602,0.16676486524370568,0.594880803882143,False,computed_after_attribution,
2026-01-28,FAC_000,acute_medicine,37,4,4,133.95,22.305,0.10810810810810811,0.07808876680060754,0.11617284736750288,0.4266073089031162,False,computed_after_attribution,
2026-01-28,FAC_000,cardiac,13,0,1,106.43,26.630000000000003,0.0,0.06924447070445128,0.09659232568001626,0.35902144774450007,False,computed_after_attribution,
2026-01-28,FAC_000,orthopedics,10,1,0,147.835,17.63,0.1,0.07606698271354821,0.07713776080666754,0.3074802651335508,False,computed_after_attribution,
2026-01-28,FAC_000,respiratory,21,1,1,140.69,21.189999999999998,0.047619047619047616,0.06556777231891074,0.07226501698408233,0.28236282327115775,False,computed_after_attribution,
2026-01-28,FAC_000,surgical,13,2,0,119.0,28.08,0.15384615384615385,0.07316705694159722,0.07293455991495565,0.29197073668646417,False,computed_after_attribution,
2026-01-28,FAC_000,transitional_care,15,0,0,164.63,19.17,0.0,0.09458620815102602,0.16676486524370568,0.594880803882143,False,computed_after_attribution,
2026-01-29,FAC_000,acute_medicine,36,2,1,127.63499999999999,16.14,0.05555555555555555,0.07808876680060754,0.11617284736750288,0.4266073089031162,False,computed_after_attribution,
2026-01-29,FAC_000,cardiac,16,2,0,107.41,19.02,0.125,0.06924447070445128,0.09659232568001626,0.35902144774450007,False,computed_after_attribution,
2026-01-29,FAC_000,orthopedics,11,0,0,143.94,18.08,0.0,0.07606698271354821,0.07713776080666754,0.3074802651335508,False,computed_after_attribution,
2026-01-29,FAC_000,respiratory,16,2,1,133.365,21.1,0.125,0.06556777231891074,0.07226501698408233,0.28236282327115775,False,computed_after_attribution,
2026-01-29,FAC_000,surgical,21,2,3,112.86,18.25,0.09523809523809523,0.07316705694159722,0.07293455991495565,0.29197073668646417,False,computed_after_attribution,
2026-01-29,FAC_000,transitional_care,11,1,1,158.07,21.72,0.09090909090909091,0.09458620815102602,0.16676486524370568,0.594880803882143,False,computed_after_attribution,
2026-01-30,FAC_000,acute_medicine,24,0,1,135.4,21.02,0.0,0.07808876680060754,0.11617284736750288,0.4266073089031162,False,computed_after_attribution,
2026-01-30,FAC_000,cardiac,10,2,2,113.63,19.98,0.2,0.06924447070445128,0.09659232568001626,0.35902144774450007,False,computed_after_attribution,
2026-01-30,FAC_000,orthopedics,9,2,2,142.77,17.33,0.2222222222222222,0.07606698271354821,0.07713776080666754,0.3074802651335508,False,computed_after_attribution,
2026-01-30,FAC_000,respiratory,29,3,3,138.16,19.15,0.10344827586206896,0.06556777231891074,0.07226501698408233,0.28236282327115775,False,computed_after_attribution,
2026-01-30,FAC_000,surgical,19,2,2,115.31,20.755,0.10526315789473684,0.07316705694159722,0.07293455991495565,0.29197073668646417,False,computed_after_attribution,
2026-01-30,FAC_000,transitional_care,16,1,1,176.425,23.905,0.0625,0.09458620815102602,0.16676486524370568,0.594880803882143,False,computed_after_attribution,
2026-01-31,FAC_000,acute_medicine,29,2,0,129.12,16.31,0.06896551724137931,0.07808876680060754,0.11617284736750288,0.4266073089031162,False,computed_after_attribution,
2026-01-31,FAC_000,cardiac,10,0,0,107.19999999999999,20.89,0.0,0.06924447070445128,0.09659232568001626,0.35902144774450007,False,computed_after_attribution,
2026-01-31,FAC_000,orthopedics,20,2,0,143.985,17.755,0.1,0.07606698271354821,0.07713776080666754,0.3074802651335508,False,computed_after_attribution,
2026-01-31,FAC_000,respiratory,19,1,1,135.71,19.35,0.05263157894736842,0.06556777231891074,0.07226501698408233,0.28236282327115775,False,computed_after_attribution,
2026-01-31,FAC_000,surgical,22,2,0,115.60499999999999,15.845,0.09090909090909091,0.07316705694159722,0.07293455991495565,0.29197073668646417,False,computed_after_attribution,
2026-01-31,FAC_000,transitional_care,14,1,0,174.76,20.525,0.07142857142857142,0.09458620815102602,0.16676486524370568,0.594880803882143,False,computed_after_attribution,
2026-02-01,FAC_000,acute_medicine,28,1,1,129.98,15.005,0.03571428571428571,0.07808876680060754,0.11617284736750288,0.4266073089031162,False,computed_after_attribution,
2026-02-01,FAC_000,cardiac,10,2,0,119.215,25.795,0.2,0.06924447070445128,0.09659232568001626,0.35902144774450007,False,computed_after_attribution,
2026-02-01,FAC_000,orthopedics,10,0,0,139.075,20.785,0.0,0.07606698271354821,0.07713776080666754,0.3074802651335508,False,computed_after_attribution,
2026-02-01,FAC_000,respiratory,15,1,1,136.35,17.11,0.06666666666666667,0.06556777231891074,0.07226501698408233,0.28236282327115775,False,computed_after_attribution,
2026-02-01,FAC_000,surgical,16,0,1,115.305,20.314999999999998,0.0,0.07316705694159722,0.07293455991495565,0.29197073668646417,False,computed_after_attribution,
2026-02-01,FAC_000,transitional_care,13,2,0,167.69,21.47,0.15384615384615385,0.09458620815102602,0.16676486524370568,0.594880803882143,False,computed_after_attribution,
2026-02-02,FAC_000,acute_medicine,33,4,3,132.65,20.99,0.12121212121212122,0.07808876680060754,0.11617284736750288,0.4266073089031162,False,computed_after_attribution,
2026-02-02,FAC_000,cardiac,15,0,0,101.72,20.51,0.0,0.06924447070445128,0.09659232568001626,0.35902144774450007,False,computed_after_attribution,
2026-02-02,FAC_000,orthopedics,15,0,0,134.2,15.0,0.0,0.07606698271354821,0.07713776080666754,0.3074802651335508,False,computed_after_attribution,
2026-02-02,FAC_000,respiratory,34,1,1,139.405,19.23,0.029411764705882353,0.06556777231891074,0.07226501698408233,0.28236282327115775,False,computed_after_attribution,
2026-02-02,FAC_000,surgical,17,1,0,114.72,17.775,0.058823529411764705,0.07316705694159722,0.07293455991495565,0.29197073668646417,False,computed_after_attribution,
2026-02-02,FAC_000,transitional_care,14,0,1,158.20999999999998,17.34,0.0,0.09458620815102602,0.16676486524370568,0.594880803882143,False,computed_after_attribution,
2026-02-03,FAC_000,acute_medicine,40,6,3,127.5,16.58,0.15,0.07808876680060754,0.11617284736750288,0.4266073089031162,False,computed_after_attribution,
2026-02-03,FAC_000,cardiac,10,0,0,114.015,21.619999999999997,0.0,0.06924447070445128,0.09659232568001626,0.35902144774450007,False,computed_after_attribution,
2026-02-03,FAC_000,orthopedics,13,1,1,142.78,23.52,0.07692307692307693,0.07606698271354821,0.07713776080666754,0.3074802651335508,False,computed_after_attribution,
2026-02-03,FAC_000,respiratory,18,1,1,129.915,15.36,0.05555555555555555,0.06556777231891074,0.07226501698408233,0.28236282327115775,False,computed_after_attribution,
2026-02-03,FAC_000,surgical,22,1,0,111.83000000000001,19.54,0.045454545454545456,0.07316705694159722,0.07293455991495565,0.29197073668646417,False,computed_after_attribution,
2026-02-03,FAC_000,transitional_care,12,5,4,192.535,32.96,0.4166666666666667,0.09458620815102602,0.16676486524370568,0.594880803882143,False,computed_after_attribution,
2026-02-04,FAC_000,acute_medicine,26,1,0,125.0,14.14,0.038461538461538464,0.07808876680060754,0.11617284736750288,0.4266073089031162,False,computed_after_attribution,
2026-02-04,FAC_000,cardiac,10,0,0,100.58,22.765,0.0,0.06924447070445128,0.09659232568001626,0.35902144774450007,False,computed_after_attribution,
2026-02-04,FAC_000,orthopedics,7,0,0,142.66,18.65,0.0,0.07606698271354821,0.07713776080666754,0.3074802651335508,False,computed_after_attribution,
2026-02-04,FAC_000,respiratory,17,2,2,133.57,25.55,0.11764705882352941,0.06556777231891074,0.07226501698408233,0.28236282327115775,False,computed_after_attribution,
2026-02-04,FAC_000,surgical,22,1,1,113.625,17.3,0.045454545454545456,0.07316705694159722,0.07293455991495565,0.29197073668646417,False,computed_after_attribution,
2026-02-04,FAC_000,transitional_care,18,2,3,174.175,20.75,0.1111111111111111,0.09458620815102602,0.16676486524370568,0.594880803882143,False,computed_after_attribution,
2026-02-05,FAC_000,acute_medicine,35,3,2,130.83,19.06,0.08571428571428572,0.07808876680060754,0.11617284736750288,0.4266073089031162,False,computed_after_attribution,
2026-02-05,FAC_000,cardiac,10,4,3,117.545,30.51,0.4,0.06924447070445128,0.09659232568001626,0.35902144774450007,True,computed_after_attribution,
2026-02-05,FAC_000,orthopedics,18,1,2,141.685,16.27,0.05555555555555555,0.07606698271354821,0.07713776080666754,0.3074802651335508,False,computed_after_attribution,
2026-02-05,FAC_000,respiratory,18,3,1,138.075,22.04,0.16666666666666666,0.06556777231891074,0.07226501698408233,0.28236282327115775,False,computed_after_attribution,
2026-02-05,FAC_000,surgical,13,1,0,111.86,17.34,0.07692307692307693,0.07316705694159722,0.07293455991495565,0.29197073668646417,False,computed_after_attribution,
2026-02-05,FAC_000,transitional_care,17,3,3,174.87,21.005000000000003,0.17647058823529413,0.09458620815102602,0.16676486524370568,0.594880803882143,False,computed_after_attribution,
2026-02-06,FAC_000,acute_medicine,37,3,2,131.63,14.52,0.08108108108108109,0.07808876680060754,0.11617284736750288,0.4266073089031162,False,computed_after_attribution,
2026-02-06,FAC_000,cardiac,12,4,2,113.065,19.475,0.3333333333333333,0.06924447070445128,0.09659232568001626,0.35902144774450007,False,computed_after_attribution,
2026-02-06,FAC_000,orthopedics,13,4,1,136.25,18.84,0.3076923076923077,0.07606698271354821,0.07713776080666754,0.3074802651335508,True,computed_after_attribution,
2026-02-06,FAC_000,respiratory,22,0,0,133.76,21.755000000000003,0.0,0.06556777231891074,0.07226501698408233,0.28236282327115775,False,computed_after_attribution,
2026-02-06,FAC_000,surgical,16,2,2,110.575,21.13,0.125,0.07316705694159722,0.07293455991495565,0.29197073668646417,False,computed_after_attribution,
2026-02-06,FAC_000,transitional_care,12,3,1,174.465,23.945,0.25,0.09458620815102602,0.16676486524370568,0.594880803882143,False,computed_after_attribution,
2026-02-07,FAC_000,acute_medicine,34,3,0,129.82,16.48,0.08823529411764706,0.07808876680060754,0.11617284736750288,0.4266073089031162,False,computed_after_attribution,
2026-02-07,FAC_000,cardiac,14,0,0,115.035,17.59,0.0,0.06924447070445128,0.09659232568001626,0.35902144774450007,False,computed_after_attribution,
2026-02-07,FAC_000,orthopedics,10,1,2,142.785,17.87,0.1,0.07606698271354821,0.07713776080666754,0.3074802651335508,False,computed_after_attribution,
2026-02-07,FAC_000,respiratory,17,0,0,123.2,15.1,0.0,0.06556777231891074,0.07226501698408233,0.28236282327115775,False,computed_after_attribution,
2026-02-07,FAC_000,surgical,20,1,2,120.185,21.915,0.05,0.07316705694159722,0.07293455991495565,0.29197073668646417,False,computed_after_attribution,
2026-02-07,FAC_000,transitional_care,18,1,0,160.61,20.38,0.05555555555555555,0.09458620815102602,0.16676486524370568,0.594880803882143,False,computed_after_attribution,
2026-02-08,FAC_000,acute_medicine,30,3,2,128.43,16.9,0.1,0.07808876680060754,0.11617284736750288,0.4266073089031162,False,computed_after_attribution,
2026-02-08,FAC_000,cardiac,12,1,1,117.235,15.344999999999999,0.08333333333333333,0.06924447070445128,0.09659232568001626,0.35902144774450007,False,computed_after_attribution,
2026-02-08,FAC_000,orthopedics,12,1,1,138.86,18.055,0.08333333333333333,0.07606698271354821,0.07713776080666754,0.3074802651335508,False,computed_after_attribution,
2026-02-08,FAC_000,respiratory,11,0,0,136.22,18.61,0.0,0.06556777231891074,0.07226501698408233,0.28236282327115775,False,computed_after_attribution,
2026-02-08,FAC_000,surgical,19,1,1,113.41,17.53,0.05263157894736842,0.07316705694159722,0.07293455991495565,0.29197073668646417,False,computed_after_attribution,
2026-02-08,FAC_000,transitional_care,18,2,2,174.025,25.174999999999997,0.1111111111111111,0.09458620815102602,0.16676486524370568,0.594880803882143,False,computed_after_attribution,
2026-02-09,FAC_000,acute_medicine,36,5,3,127.58,17.02,0.1388888888888889,0.07808876680060754,0.11617284736750288,0.4266073089031162,False,computed_after_attribution,
2026-02-09,FAC_000,cardiac,16,1,1,99.58000000000001,17.045,0.0625,0.06924447070445128,0.09659232568001626,0.35902144774450007,False,computed_after_attribution,
2026-02-09,FAC_000,orthopedics,14,2,2,154.485,20.119999999999997,0.14285714285714285,0.07606698271354821,0.07713776080666754,0.3074802651335508,False,computed_after_attribution,
2026-02-09,FAC_000,respiratory,22,2,0,134.145,18.415,0.09090909090909091,0.06556777231891074,0.07226501698408233,0.28236282327115775,False,computed_after_attribution,
2026-02-09,FAC_000,surgical,17,1,2,115.35,19.24,0.058823529411764705,0.07316705694159722,0.07293455991495565,0.29197073668646417,False,computed_after_attribution,
2026-02-09,FAC_000,transitional_care,10,0,0,162.19,18.314999999999998,0.0,0.09458620815102602,0.16676486524370568,0.594880803882143,False,computed_after_attribution,
2026-02-10,FAC_000,acute_medicine,23,1,1,124.69,19.27,0.043478260869565216,0.07808876680060754,0.11617284736750288,0.4266073089031162,False,computed_after_attribution,
2026-02-10,FAC_000,cardiac,11,1,0,111.41,17.45,0.09090909090909091,0.06924447070445128,0.09659232568001626,0.35902144774450007,False,computed_after_attribution,
2026-02-10,FAC_000,orthopedics,17,3,3,144.85,20.384999999999998,0.17647058823529413,0.07606698271354821,0.07713776080666754,0.3074802651335508,False,computed_after_attribution,
2026-02-10,FAC_000,respiratory,23,1,0,138.96,23.07,0.043478260869565216,0.06556777231891074,0.07226501698408233,0.28236282327115775,False,computed_after_attribution,
2026-02-10,FAC_000,surgical,18,1,1,109.675,18.545,0.05555555555555555,0.07316705694159722,0.07293455991495565,0.29197073668646417,False,computed_after_attribution,
2026-02-10,FAC_000,transitional_care,18,1,1,160.685,15.51,0.05555555555555555,0.09458620815102602,0.16676486524370568,0.594880803882143,False,computed_after_attribution,
2026-02-11,FAC_000,acute_medicine,27,4,3,131.43,14.98,0.14814814814814814,0.07808876680060754,0.11617284736750288,0.4266073089031162,False,computed_after_attribution,
2026-02-11,FAC_000,cardiac,14,0,0,104.39,17.045,0.0,0.06924447070445128,0.09659232568001626,0.35902144774450007,False,computed_after_attribution,
2026-02-11,FAC_000,orthopedics,14,0,0,134.72500000000002,17.560000000000002,0.0,0.07606698271354821,0.07713776080666754,0.3074802651335508,False,computed_after_attribution,
2026-02-11,FAC_000,respiratory,25,2,1,132.82,15.4,0.08,0.06556777231891074,0.07226501698408233,0.28236282327115775,False,computed_after_attribution,
2026-02-11,FAC_000,surgical,23,2,4,114.63,22.89,0.08695652173913043,0.07316705694159722,0.07293455991495565,0.29197073668646417,False,computed_after_attribution,
2026-02-11,FAC_000,transitional_care,16,0,0,168.45499999999998,18.34,0.0,0.09458620815102602,0.16676486524370568,0.594880803882143,False,computed_after_attribution,
2026-02-12,FAC_000,acute_medicine,14,5,4,149.43,21.23,0.35714285714285715,0.07808876680060754,0.11617284736750288,0.4266073089031162,False,computed_after_attribution,
2026-02-12,FAC_000,cardiac,19,1,0,105.87,16.28,0.05263157894736842,0.06924447070445128,0.09659232568001626,0.35902144774450007,False,computed_after_attribution,
2026-02-12,FAC_000,orthopedics,11,0,0,138.11,16.59,0.0,0.07606698271354821,0.07713776080666754,0.3074802651335508,False,computed_after_attribution,
2026-02-12,FAC_000,respiratory,25,2,3,127.47,18.4,0.08,0.06556777231891074,0.07226501698408233,0.28236282327115775,False,computed_after_attribution,
2026-02-12,FAC_000,surgical,22,2,1,117.34,15.57,0.09090909090909091,0.07316705694159722,0.07293455991495565,0.29197073668646417,False,computed_after_attribution,
2026-02-12,FAC_000,transitional_care,18,0,1,161.25,18.36,0.0,0.09458620815102602,0.16676486524370568,0.594880803882143,False,computed_after_attribution,
2026-02-13,FAC_000,acute_medicine,24,1,0,122.05,16.54,0.041666666666666664,0.07808876680060754,0.11617284736750288,0.4266073089031162,False,computed_after_attribution,
2026-02-13,FAC_000,cardiac,7,1,0,105.88,14.32,0.14285714285714285,0.06924447070445128,0.09659232568001626,0.35902144774450007,False,computed_after_attribution,
2026-02-13,FAC_000,orthopedics,21,1,1,143.33,19.29,0.047619047619047616,0.07606698271354821,0.07713776080666754,0.3074802651335508,False,computed_after_attribution,
2026-02-13,FAC_000,respiratory,16,0,0,130.285,17.744999999999997,0.0,0.06556777231891074,0.07226501698408233,0.28236282327115775,False,computed_after_attribution,
2026-02-13,FAC_000,surgical,21,2,1,117.79,21.56,0.09523809523809523,0.07316705694159722,0.07293455991495565,0.29197073668646417,False,computed_after_attribution,
2026-02-13,FAC_000,transitional_care,21,2,3,164.57,20.775,0.09523809523809523,0.09458620815102602,0.16676486524370568,0.594880803882143,False,computed_after_attribution,
2026-02-14,FAC_000,acute_medicine,25,5,2,129.03,20.96,0.2,0.07808876680060754,0.11617284736750288,0.4266073089031162,False,computed_after_attribution,
2026-02-14,FAC_000,cardiac,13,0,0,107.45,20.01,0.0,0.06924447070445128,0.09659232568001626,0.35902144774450007,False,computed_after_attribution,
2026-02-14,FAC_000,orthopedics,15,1,1,137.9,14.76,0.06666666666666667,0.07606698271354821,0.07713776080666754,0.3074802651335508,False,computed_after_attribution,
2026-02-14,FAC_000,respiratory,19,2,1,125.78,17.72,0.10526315789473684,0.06556777231891074,0.07226501698408233,0.28236282327115775,False,computed_after_attribution,
2026-02-14,FAC_000,surgical,16,0,0,108.19999999999999,16.91,0.0,0.07316705694159722,0.07293455991495565,0.29197073668646417,False,computed_after_attribution,
2026-02-14,FAC_000,transitional_care,14,0,0,166.61,18.05,0.0,0.09458620815102602,0.16676486524370568,0.594880803882143,False,computed_after_attribution,
2026-02-15,FAC_000,acute_medicine,28,0,0,125.78,17.535,0.0,0.07808876680060754,0.11617284736750288,0.4266073089031162,False,computed_after_attribution,
2026-02-15,FAC_000,cardiac,5,2,1,110.52,20.44,0.4,0.06924447070445128,0.09659232568001626,0.35902144774450007,True,computed_after_attribution,
2026-02-15,FAC_000,orthopedics,8,3,0,146.26999999999998,20.345,0.375,0.07606698271354821,0.07713776080666754,0.3074802651335508,True,computed_after_attribution,
2026-02-15,FAC_000,respiratory,22,3,4,145.03,25.095,0.13636363636363635,0.06556777231891074,0.07226501698408233,0.28236282327115775,False,computed_after_attribution,
2026-02-15,FAC_000,surgical,17,2,0,117.85,17.09,0.11764705882352941,0.07316705694159722,0.07293455991495565,0.29197073668646417,False,computed_after_attribution,
2026-02-15,FAC_000,transitional_care,22,2,1,166.70499999999998,21.92,0.09090909090909091,0.09458620815102602,0.16676486524370568,0.594880803882143,False,computed_after_attribution,
2026-02-16,FAC_000,acute_medicine,34,5,4,136.075,21.98,0.14705882352941177,0.07808876680060754,0.11617284736750288,0.4266073089031162,False,computed_after_attribution,
2026-02-16,FAC_000,cardiac,12,0,0,98.28999999999999,16.095,0.0,0.06924447070445128,0.09659232568001626,0.35902144774450007,False,computed_after_attribution,
2026-02-16,FAC_000,orthopedics,10,1,0,158.155,18.785,0.1,0.07606698271354821,0.07713776080666754,0.3074802651335508,False,computed_after_attribution,
2026-02-16,FAC_000,respiratory,28,0,2,130.525,19.65,0.0,0.06556777231891074,0.07226501698408233,0.28236282327115775,False,computed_after_attribution,
2026-02-16,FAC_000,surgical,16,1,2,116.77000000000001,21.335,0.0625,0.07316705694159722,0.07293455991495565,0.29197073668646417,False,computed_after_attribution,
2026-02-16,FAC_000,transitional_care,22,0,1,158.66,14.015,0.0,0.09458620815102602,0.16676486524370568,0.594880803882143,False,computed_after_attribution,
2026-02-17,FAC_000,acute_medicine,28,1,0,127.125,16.965,0.03571428571428571,0.07808876680060754,0.11617284736750288,0.4266073089031162,False,computed_after_attribution,
2026-02-17,FAC_000,cardiac,14,1,1,101.72,18.805,0.07142857142857142,0.06924447070445128,0.09659232568001626,0.35902144774450007,False,computed_after_attribution,
2026-02-17,FAC_000,orthopedics,16,1,0,144.165,15.54,0.0625,0.07606698271354821,0.07713776080666754,0.3074802651335508,False,computed_after_attribution,
2026-02-17,FAC_000,respiratory,20,2,0,137.15,19.58,0.1,0.06556777231891074,0.07226501698408233,0.28236282327115775,False,computed_after_attribution,
2026-02-17,FAC_000,surgical,13,0,0,128.0,21.34,0.0,0.07316705694159722,0.07293455991495565,0.29197073668646417,False,computed_after_attribution,
2026-02-17,FAC_000,transitional_care,20,1,0,167.75,17.15,0.05,0.09458620815102602,0.16676486524370568,0.594880803882143,False,computed_after_attribution,
2026-02-18,FAC_000,acute_medicine,24,0,1,129.475,20.08,0.0,0.07808876680060754,0.11617284736750288,0.4266073089031162,False,computed_after_attribution,
2026-02-18,FAC_000,cardiac,14,0,0,102.53,14.55,0.0,0.06924447070445128,0.09659232568001626,0.35902144774450007,False,computed_after_attribution,
2026-02-18,FAC_000,orthopedics,16,2,2,146.54500000000002,16.85,0.125,0.07606698271354821,0.07713776080666754,0.3074802651335508,False,computed_after_attribution,
2026-02-18,FAC_000,respiratory,25,0,0,135.91,16.365000000000002,0.0,0.06556777231891074,0.07226501698408233,0.28236282327115775,False,computed_after_attribution,
2026-02-18,FAC_000,surgical,16,1,1,121.42,22.159999999999997,0.0625,0.07316705694159722,0.07293455991495565,0.29197073668646417,False,computed_after_attribution,
2026-02-18,FAC_000,transitional_care,16,0,0,160.775,16.369999999999997,0.0,0.09458620815102602,0.16676486524370568,0.594880803882143,False,computed_after_attribution,
2026-02-19,FAC_000,acute_medicine,26,0,0,127.765,17.85,0.0,0.07808876680060754,0.11617284736750288,0.4266073089031162,False,computed_after_attribution,
2026-02-19,FAC_000,cardiac,13,1,0,108.44,14.83,0.07692307692307693,0.06924447070445128,0.09659232568001626,0.35902144774450007,False,computed_after_attribution,
2026-02-19,FAC_000,orthopedics,17,1,0,143.1,14.95,0.058823529411764705,0.07606698271354821,0.07713776080666754,0.3074802651335508,False,computed_after_attribution,
2026-02-19,FAC_000,respiratory,21,2,1,136.82,18.884999999999998,0.09523809523809523,0.06556777231891074,0.07226501698408233,0.28236282327115775,False,computed_after_attribution,
2026-02-19,FAC_000,surgical,25,0,0,112.85,14.76,0.0,0.07316705694159722,0.07293455991495565,0.29197073668646417,False,computed_after_attribution,
2026-02-19,FAC_000,transitional_care,16,0,0,166.54,12.915,0.0,0.09458620815102602,0.16676486524370568,0.594880803882143,False,computed_after_attribution,
2026-02-20,FAC_000,acute_medicine,29,2,1,125.03,17.89,0.06896551724137931,0.07808876680060754,0.11617284736750288,0.4266073089031162,False,computed_after_attribution,
2026-02-20,FAC_000,cardiac,16,0,0,103.56,19.35,0.0,0.06924447070445128,0.09659232568001626,0.35902144774450007,False,computed_after_attribution,
2026-02-20,FAC_000,orthopedics,18,4,1,144.985,19.615000000000002,0.2222222222222222,0.07606698271354821,0.07713776080666754,0.3074802651335508,False,computed_after_attribution,
2026-02-20,FAC_000,respiratory,16,1,0,132.25,18.98,0.0625,0.06556777231891074,0.07226501698408233,0.28236282327115775,False,computed_after_attribution,
2026-02-20,FAC_000,surgical,14,1,1,115.9,18.095,0.07142857142857142,0.07316705694159722,0.07293455991495565,0.29197073668646417,False,computed_after_attribution,
2026-02-20,FAC_000,transitional_care,19,1,1,159.7,17.74,0.05263157894736842,0.09458620815102602,0.16676486524370568,0.594880803882143,False,computed_after_attribution,
2026-02-21,FAC_000,acute_medicine,31,2,1,131.43,15.24,0.06451612903225806,0.07808876680060754,0.11617284736750288,0.4266073089031162,False,computed_after_attribution,
2026-02-21,FAC_000,cardiac,4,0,0,107.80000000000001,24.355,0.0,0.06924447070445128,0.09659232568001626,0.35902144774450007,False,computed_after_attribution,
2026-02-21,FAC_000,orthopedics,13,2,1,137.41,16.355,0.15384615384615385,0.07606698271354821,0.07713776080666754,0.3074802651335508,False,computed_after_attribution,
2026-02-21,FAC_000,respiratory,17,1,0,137.29,19.59,0.058823529411764705,0.06556777231891074,0.07226501698408233,0.28236282327115775,False,computed_after_attribution,
2026-02-21,FAC_000,surgical,18,0,0,111.195,16.16,0.0,0.07316705694159722,0.07293455991495565,0.29197073668646417,False,computed_after_attribution,
2026-02-21,FAC_000,transitional_care,12,1,1,166.39,16.64,0.08333333333333333,0.09458620815102602,0.16676486524370568,0.594880803882143,False,computed_after_attribution,
2026-02-22,FAC_000,acute_medicine,29,2,1,124.45,15.285,0.06896551724137931,0.07808876680060754,0.11617284736750288,0.4266073089031162,False,computed_after_attribution,
2026-02-22,FAC_000,cardiac,10,1,1,108.6,18.565,0.1,0.06924447070445128,0.09659232568001626,0.35902144774450007,False,computed_after_attribution,
2026-02-22,FAC_000,orthopedics,20,1,1,144.07,14.54,0.05,0.07606698271354821,0.07713776080666754,0.3074802651335508,False,computed_after_attribution,
2026-02-22,FAC_000,respiratory,25,2,1,132.93,17.59,0.08,0.06556777231891074,0.07226501698408233,0.28236282327115775,False,computed_after_attribution,
2026-02-22,FAC_000,surgical,17,3,0,112.58,15.185,0.17647058823529413,0.07316705694159722,0.07293455991495565,0.29197073668646417,False,computed_after_attribution,
2026-02-22,FAC_000,transitional_care,15,0,0,164.11,15.88,0.0,0.09458620815102602,0.16676486524370568,0.594880803882143,False,computed_after_attribution,
2026-02-23,FAC_000,acute_medicine,33,0,0,123.22,17.1,0.0,0.07808876680060754,0.11617284736750288,0.4266073089031162,False,computed_after_attribution,
2026-02-23,FAC_000,cardiac,8,2,1,118.50999999999999,24.36,0.25,0.06924447070445128,0.09659232568001626,0.35902144774450007,False,computed_after_attribution,
2026-02-23,FAC_000,orthopedics,15,1,2,142.37,16.83,0.06666666666666667,0.07606698271354821,0.07713776080666754,0.3074802651335508,False,computed_after_attribution,
2026-02-23,FAC_000,respiratory,13,1,1,140.99,21.41,0.07692307692307693,0.06556777231891074,0.07226501698408233,0.28236282327115775,False,computed_after_attribution,
2026-02-23,FAC_000,surgical,20,0,0,106.485,13.02,0.0,0.07316705694159722,0.07293455991495565,0.29197073668646417,False,computed_after_attribution,
2026-02-23,FAC_000,transitional_care,16,1,2,159.365,22.68,0.0625,0.09458620815102602,0.16676486524370568,0.594880803882143,False,computed_after_attribution,
2026-02-24,FAC_000,acute_medicine,29,2,1,129.52,17.59,0.06896551724137931,0.07808876680060754,0.11617284736750288,0.4266073089031162,False,computed_after_attribution,
2026-02-24,FAC_000,cardiac,10,0,0,97.23,19.375,0.0,0.06924447070445128,0.09659232568001626,0.35902144774450007,False,computed_after_attribution,
2026-02-24,FAC_000,orthopedics,17,2,2,142.27,16.88,0.11764705882352941,0.07606698271354821,0.07713776080666754,0.3074802651335508,False,computed_after_attribution,
2026-02-24,FAC_000,respiratory,25,0,1,129.65,14.5,0.0,0.06556777231891074,0.07226501698408233,0.28236282327115775,False,computed_after_attribution,
2026-02-24,FAC_000,surgical,15,1,1,112.46,15.99,0.06666666666666667,0.07316705694159722,0.07293455991495565,0.29197073668646417,False,computed_after_attribution,
2026-02-24,FAC_000,transitional_care,13,0,0,162.24,24.32,0.0,0.09458620815102602,0.16676486524370568,0.594880803882143,False,computed_after_attribution,
2026-02-25,FAC_000,acute_medicine,43,4,4,127.13,18.41,0.09302325581395349,0.07808876680060754,0.11617284736750288,0.4266073089031162,False,computed_after_attribution,
2026-02-25,FAC_000,cardiac,12,1,1,108.68,19.295,0.08333333333333333,0.06924447070445128,0.09659232568001626,0.35902144774450007,False,computed_after_attribution,
2026-02-25,FAC_000,orthopedics,15,4,3,145.99,21.03,0.26666666666666666,0.07606698271354821,0.07713776080666754,0.3074802651335508,False,computed_after_attribution,
2026-02-25,FAC_000,respiratory,21,2,1,133.87,18.28,0.09523809523809523,0.06556777231891074,0.07226501698408233,0.28236282327115775,False,computed_after_attribution,
2026-02-25,FAC_000,surgical,16,2,0,111.045,16.98,0.125,0.07316705694159722,0.07293455991495565,0.29197073668646417,False,computed_after_attribution,
2026-02-25,FAC_000,transitional_care,14,1,0,165.085,20.355,0.07142857142857142,0.09458620815102602,0.16676486524370568,0.594880803882143,False,computed_after_attribution,
2026-02-26,FAC_000,acute_medicine,29,3,0,120.49,16.33,0.10344827586206896,0.07808876680060754,0.11617284736750288,0.4266073089031162,False,computed_after_attribution,
2026-02-26,FAC_000,cardiac,10,1,0,118.01499999999999,18.93,0.1,0.06924447070445128,0.09659232568001626,0.35902144774450007,False,computed_after_attribution,
2026-02-26,FAC_000,orthopedics,15,1,0,133.6,17.2,0.06666666666666667,0.07606698271354821,0.07713776080666754,0.3074802651335508,False,computed_after_attribution,
2026-02-26,FAC_000,respiratory,19,1,0,127.1,16.055,0.05263157894736842,0.06556777231891074,0.07226501698408233,0.28236282327115775,False,computed_after_attribution,
2026-02-26,FAC_000,surgical,23,4,1,117.74,19.4,0.17391304347826086,0.07316705694159722,0.07293455991495565,0.29197073668646417,False,computed_after_attribution,
2026-02-26,FAC_000,transitional_care,22,1,0,165.95999999999998,16.865000000000002,0.045454545454545456,0.09458620815102602,0.16676486524370568,0.594880803882143,False,computed_after_attribution,
2026-02-27,FAC_000,acute_medicine,27,2,0,127.66,18.24,0.07407407407407407,0.07808876680060754,0.11617284736750288,0.4266073089031162,False,computed_after_attribution,
2026-02-27,FAC_000,cardiac,11,0,0,96.83,13.91,0.0,0.06924447070445128,0.09659232568001626,0.35902144774450007,False,computed_after_attribution,
2026-02-27,FAC_000,orthopedics,15,1,1,136.15,16.47,0.06666666666666667,0.07606698271354821,0.07713776080666754,0.3074802651335508,False,computed_after_attribution,
2026-02-27,FAC_000,respiratory,23,1,1,140.09,18.515,0.043478260869565216,0.06556777231891074,0.07226501698408233,0.28236282327115775,False,computed_after_attribution,
2026-02-27,FAC_000,surgical,19,0,0,109.49,16.9,0.0,0.07316705694159722,0.07293455991495565,0.29197073668646417,False,computed_after_attribution,
2026-02-27,FAC_000,transitional_care,10,1,2,167.26999999999998,19.795,0.1,0.09458620815102602,0.16676486524370568,0.594880803882143,False,computed_after_attribution,
2026-02-28,FAC_000,acute_medicine,27,1,1,121.06,15.919999999999998,0.037037037037037035,0.07808876680060754,0.11617284736750288,0.4266073089031162,False,computed_after_attribution,
2026-02-28,FAC_000,cardiac,9,1,0,125.17,16.82,0.1111111111111111,0.06924447070445128,0.09659232568001626,0.35902144774450007,False,computed_after_attribution,
2026-02-28,FAC_000,orthopedics,13,1,0,136.25,23.85,0.07692307692307693,0.07606698271354821,0.07713776080666754,0.3074802651335508,False,computed_after_attribution,
2026-02-28,FAC_000,respiratory,24,1,0,124.745,16.87,0.041666666666666664,0.06556777231891074,0.07226501698408233,0.28236282327115775,False,computed_after_attribution,
2026-02-28,FAC_000,surgical,11,0,0,112.25,15.94,0.0,0.07316705694159722,0.07293455991495565,0.29197073668646417,False,computed_after_attribution,
2026-02-28,FAC_000,transitional_care,18,0,0,162.52499999999998,18.244999999999997,0.0,0.09458620815102602,0.16676486524370568,0.594880803882143,False,computed_after_attribution,
2026-03-01,FAC_000,acute_medicine,25,0,0,127.12,15.705000000000002,0.0,0.07808876680060754,0.11617284736750288,0.4266073089031162,False,computed_after_attribution,
2026-03-01,FAC_000,cardiac,12,2,0,103.36500000000001,15.14,0.16666666666666666,0.06924447070445128,0.09659232568001626,0.35902144774450007,False,computed_after_attribution,
2026-03-01,FAC_000,orthopedics,12,0,1,137.675,18.12,0.0,0.07606698271354821,0.07713776080666754,0.3074802651335508,False,computed_after_attribution,
2026-03-01,FAC_000,respiratory,21,1,1,130.78,19.16,0.047619047619047616,0.06556777231891074,0.07226501698408233,0.28236282327115775,False,computed_after_attribution,
2026-03-01,FAC_000,surgical,17,1,1,119.76,15.11,0.058823529411764705,0.07316705694159722,0.07293455991495565,0.29197073668646417,False,computed_after_attribution,
2026-03-01,FAC_000,transitional_care,17,2,0,166.47,22.28,0.11764705882352941,0.09458620815102602,0.16676486524370568,0.594880803882143,False,computed_after_attribution,
2026-03-02,FAC_000,acute_medicine,32,2,2,127.51,17.71,0.0625,0.07808876680060754,0.11617284736750288,0.4266073089031162,False,computed_after_attribution,
2026-03-02,FAC_000,cardiac,9,0,0,107.67,16.44,0.0,0.06924447070445128,0.09659232568001626,0.35902144774450007,False,computed_after_attribution,
2026-03-02,FAC_000,orthopedics,14,1,1,153.36,19.555,0.07142857142857142,0.07606698271354821,0.07713776080666754,0.3074802651335508,False,computed_after_attribution,
2026-03-02,FAC_000,respiratory,27,3,1,127.98,14.19,0.1111111111111111,0.06556777231891074,0.07226501698408233,0.28236282327115775,False,computed_after_attribution,
2026-03-02,FAC_000,surgical,22,3,2,111.95500000000001,17.35,0.13636363636363635,0.07316705694159722,0.07293455991495565,0.29197073668646417,False,computed_after_attribution,
2026-03-02,FAC_000,transitional_care,18,0,1,155.63,16.485,0.0,0.09458620815102602,0.16676486524370568,0.594880803882143,False,computed_after_attribution,
2026-03-03,FAC_000,acute_medicine,31,2,1,124.48,15.43,0.06451612903225806,0.07808876680060754,0.11617284736750288,0.4266073089031162,False,computed_after_attribution,
2026-03-03,FAC_000,cardiac,12,1,1,111.20500000000001,16.525,0.08333333333333333,0.06924447070445128,0.09659232568001626,0.35902144774450007,False,computed_after_attribution,
2026-03-03,FAC_000,orthopedics,11,0,0,134.54,15.64,0.0,0.07606698271354821,0.07713776080666754,0.3074802651335508,False,computed_after_attribution,
2026-03-03,FAC_000,respiratory,14,0,0,137.385,16.57,0.0,0.06556777231891074,0.07226501698408233,0.28236282327115775,False,computed_after_attribution,
2026-03-03,FAC_000,surgical,16,0,0,115.96000000000001,17.07,0.0,0.07316705694159722,0.07293455991495565,0.29197073668646417,False,computed_after_attribution,
2026-03-03,FAC_000,transitional_care,25,1,1,161.09,15.004999999999999,0.04,0.09458620815102602,0.16676486524370568,0.594880803882143,False,computed_after_attribution,
2026-03-04,FAC_000,acute_medicine,32,1,1,133.885,15.61,0.03125,0.07808876680060754,0.11617284736750288,0.4266073089031162,False,computed_after_attribution,
2026-03-04,FAC_000,cardiac,23,2,1,109.85,16.86,0.08695652173913043,0.06924447070445128,0.09659232568001626,0.35902144774450007,False,computed_after_attribution,
2026-03-04,FAC_000,orthopedics,13,2,1,135.03,18.55,0.15384615384615385,0.07606698271354821,0.07713776080666754,0.3074802651335508,False,computed_after_attribution,
2026-03-04,FAC_000,respiratory,16,2,0,131.11,18.66,0.125,0.06556777231891074,0.07226501698408233,0.28236282327115775,False,computed_after_attribution,
2026-03-04,FAC_000,surgical,19,2,1,109.76,14.72,0.10526315789473684,0.07316705694159722,0.07293455991495565,0.29197073668646417,False,computed_after_attribution,
2026-03-04,FAC_000,transitional_care,18,2,1,160.765,17.8,0.1111111111111111,0.09458620815102602,0.16676486524370568,0.594880803882143,False,computed_after_attribution,
2026-03-05,FAC_000,acute_medicine,31,3,1,134.14,16.72,0.0967741935483871,0.07808876680060754,0.11617284736750288,0.4266073089031162,False,computed_after_attribution,
2026-03-05,FAC_000,cardiac,15,0,0,99.31,15.21,0.0,0.06924447070445128,0.09659232568001626,0.35902144774450007,False,computed_after_attribution,
2026-03-05,FAC_000,orthopedics,7,0,0,140.92,12.06,0.0,0.07606698271354821,0.07713776080666754,0.3074802651335508,False,computed_after_attribution,
2026-03-05,FAC_000,respiratory,21,0,0,129.56,16.43,0.0,0.06556777231891074,0.07226501698408233,0.28236282327115775,False,computed_after_attribution,
2026-03-05,FAC_000,surgical,17,1,0,116.84,13.455,0.058823529411764705,0.07316705694159722,0.07293455991495565,0.29197073668646417,False,computed_after_attribution,
2026-03-05,FAC_000,transitional_care,13,0,1,163.81,17.795,0.0,0.09458620815102602,0.16676486524370568,0.594880803882143,False,computed_after_attribution,
2026-03-06,FAC_000,acute_medicine,30,1,0,126.745,16.84,0.03333333333333333,0.07808876680060754,0.11617284736750288,0.4266073089031162,False,computed_after_attribution,
2026-03-06,FAC_000,cardiac,15,0,0,98.05,13.56,0.0,0.06924447070445128,0.09659232568001626,0.35902144774450007,False,computed_after_attribution,
2026-03-06,FAC_000,orthopedics,11,1,2,137.77,20.735,0.09090909090909091,0.07606698271354821,0.07713776080666754,0.3074802651335508,False,computed_after_attribution,
2026-03-06,FAC_000,respiratory,21,2,1,130.37,17.240000000000002,0.09523809523809523,0.06556777231891074,0.07226501698408233,0.28236282327115775,False,computed_after_attribution,
2026-03-06,FAC_000,surgical,17,0,0,119.98,17.64,0.0,0.07316705694159722,0.07293455991495565,0.29197073668646417,False,computed_after_attribution,
2026-03-06,FAC_000,transitional_care,24,1,0,163.11,19.009999999999998,0.041666666666666664,0.09458620815102602,0.16676486524370568,0.594880803882143,False,computed_after_attribution,
2026-03-07,FAC_000,acute_medicine,32,2,2,121.66,14.03,0.0625,0.07808876680060754,0.11617284736750288,0.4266073089031162,False,computed_after_attribution,
2026-03-07,FAC_000,cardiac,14,1,1,111.255,16.48,0.07142857142857142,0.06924447070445128,0.09659232568001626,0.35902144774450007,False,computed_after_attribution,
2026-03-07,FAC_000,orthopedics,17,0,0,137.9,15.22,0.0,0.07606698271354821,0.07713776080666754,0.3074802651335508,False,computed_after_attribution,
2026-03-07,FAC_000,respiratory,13,1,0,129.92,16.66,0.07692307692307693,0.06556777231891074,0.07226501698408233,0.28236282327115775,False,computed_after_attribution,
2026-03-07,FAC_000,surgical,22,1,1,113.005,13.725,0.045454545454545456,0.07316705694159722,0.07293455991495565,0.29197073668646417,False,computed_after_attribution,
2026-03-07,FAC_000,transitional_care,17,2,1,165.8,14.27,0.11764705882352941,0.09458620815102602,0.16676486524370568,0.594880803882143,False,computed_after_attribution,
2026-03-08,FAC_000,acute_medicine,27,0,0,123.21,17.6,0.0,0.07808876680060754,0.11617284736750288,0.4266073089031162,False,computed_after_attribution,
2026-03-08,FAC_000,cardiac,12,0,0,104.18,13.739999999999998,0.0,0.06924447070445128,0.09659232568001626,0.35902144774450007,False,computed_after_attribution,
2026-03-08,FAC_000,orthopedics,10,0,0,148.615,16.605,0.0,0.07606698271354821,0.07713776080666754,0.3074802651335508,False,computed_after_attribution,
2026-03-08,FAC_000,respiratory,21,0,0,131.48,16.25,0.0,0.06556777231891074,0.07226501698408233,0.28236282327115775,False,computed_after_attribution,
2026-03-08,FAC_000,surgical,14,1,2,116.225,15.795,0.07142857142857142,0.07316705694159722,0.07293455991495565,0.29197073668646417,False,computed_after_attribution,
2026-03-08,FAC_000,transitional_care,16,2,0,165.04,15.265,0.125,0.09458620815102602,0.16676486524370568,0.594880803882143,False,computed_after_attribution,
2026-03-09,FAC_000,acute_medicine,22,1,0,129.97,17.34,0.045454545454545456,0.07808876680060754,0.11617284736750288,0.4266073089031162,False,computed_after_attribution,
2026-03-09,FAC_000,cardiac,20,2,0,109.66499999999999,16.5,0.1,0.06924447070445128,0.09659232568001626,0.35902144774450007,False,computed_after_attribution,
2026-03-09,FAC_000,orthopedics,11,2,1,137.23,17.25,0.18181818181818182,0.07606698271354821,0.07713776080666754,0.3074802651335508,False,computed_after_attribution,
2026-03-09,FAC_000,respiratory,28,1,1,128.135,15.01,0.03571428571428571,0.06556777231891074,0.07226501698408233,0.28236282327115775,False,computed_after_attribution,
2026-03-09,FAC_000,surgical,16,1,0,109.15,17.25,0.0625,0.07316705694159722,0.07293455991495565,0.29197073668646417,False,computed_after_attribution,
2026-03-09,FAC_000,transitional_care,16,4,2,166.905,18.985,0.25,0.09458620815102602,0.16676486524370568,0.594880803882143,False,computed_after_attribution,
2026-03-10,FAC_000,acute_medicine,30,4,3,122.015,15.34,0.13333333333333333,0.07808876680060754,0.11617284736750288,0.4266073089031162,False,computed_after_attribution,
2026-03-10,FAC_000,cardiac,11,0,0,106.46,19.64,0.0,0.06924447070445128,0.09659232568001626,0.35902144774450007,False,computed_after_attribution,
2026-03-10,FAC_000,orthopedics,10,1,0,146.66,21.235,0.1,0.07606698271354821,0.07713776080666754,0.3074802651335508,False,computed_after_attribution,
2026-03-10,FAC_000,respiratory,20,0,0,128.42000000000002,15.355,0.0,0.06556777231891074,0.07226501698408233,0.28236282327115775,False,computed_after_attribution,
2026-03-10,FAC_000,surgical,9,0,0,112.23,16.55,0.0,0.07316705694159722,0.07293455991495565,0.29197073668646417,False,computed_after_attribution,
2026-03-10,FAC_000,transitional_care,15,0,1,162.87,12.79,0.0,0.09458620815102602,0.16676486524370568,0.594880803882143,False,computed_after_attribution,
2026-03-11,FAC_000,acute_medicine,39,1,0,121.53,15.71,0.02564102564102564,0.07808876680060754,0.11617284736750288,0.4266073089031162,False,computed_after_attribution,
2026-03-11,FAC_000,cardiac,14,0,0,105.02,20.48,0.0,0.06924447070445128,0.09659232568001626,0.35902144774450007,False,computed_after_attribution,
2026-03-11,FAC_000,orthopedics,14,0,0,136.27499999999998,15.69,0.0,0.07606698271354821,0.07713776080666754,0.3074802651335508,False,computed_after_attribution,
2026-03-11,FAC_000,respiratory,19,0,1,130.3,14.565,0.0,0.06556777231891074,0.07226501698408233,0.28236282327115775,False,computed_after_attribution,
2026-03-11,FAC_000,surgical,15,0,0,113.5,17.51,0.0,0.07316705694159722,0.07293455991495565,0.29197073668646417,False,computed_after_attribution,
2026-03-11,FAC_000,transitional_care,22,3,1,165.16000000000003,16.79,0.13636363636363635,0.09458620815102602,0.16676486524370568,0.594880803882143,False,computed_after_attribution,
2026-03-12,FAC_000,acute_medicine,23,1,0,129.95,15.43,0.043478260869565216,0.07808876680060754,0.11617284736750288,0.4266073089031162,False,computed_after_attribution,
2026-03-12,FAC_000,cardiac,10,0,0,107.955,15.92,0.0,0.06924447070445128,0.09659232568001626,0.35902144774450007,False,computed_after_attribution,
2026-03-12,FAC_000,orthopedics,13,1,0,141.63,18.84,0.07692307692307693,0.07606698271354821,0.07713776080666754,0.3074802651335508,False,computed_after_attribution,
2026-03-12,FAC_000,respiratory,12,1,0,135.33999999999997,17.18,0.08333333333333333,0.06556777231891074,0.07226501698408233,0.28236282327115775,False,computed_after_attribution,
2026-03-12,FAC_000,surgical,16,1,0,108.67,13.454999999999998,0.0625,0.07316705694159722,0.07293455991495565,0.29197073668646417,False,computed_after_attribution,
2026-03-12,FAC_000,transitional_care,21,0,2,157.72,14.66,0.0,0.09458620815102602,0.16676486524370568,0.594880803882143,False,computed_after_attribution,
2026-03-13,FAC_000,acute_medicine,29,2,2,121.49,14.13,0.06896551724137931,0.07808876680060754,0.11617284736750288,0.4266073089031162,False,computed_after_attribution,
2026-03-13,FAC_000,cardiac,8,0,0,114.91,16.53,0.0,0.06924447070445128,0.09659232568001626,0.35902144774450007,False,computed_after_attribution,
2026-03-13,FAC_000,orthopedics,19,1,1,138.56,17.700000000000003,0.05263157894736842,0.07606698271354821,0.07713776080666754,0.3074802651335508,False,computed_after_attribution,
2026-03-13,FAC_000,respiratory,20,1,1,134.24,16.240000000000002,0.05,0.06556777231891074,0.07226501698408233,0.28236282327115775,False,computed_after_attribution,
2026-03-13,FAC_000,surgical,22,3,0,122.41999999999999,16.075,0.13636363636363635,0.07316705694159722,0.07293455991495565,0.29197073668646417,False,computed_after_attribution,
2026-03-13,FAC_000,transitional_care,20,0,0,155.53500000000003,16.58,0.0,0.09458620815102602,0.16676486524370568,0.594880803882143,False,computed_after_attribution,
2026-03-14,FAC_000,acute_medicine,31,0,1,124.79,17.95,0.0,0.07808876680060754,0.11617284736750288,0.4266073089031162,False,computed_after_attribution,
2026-03-14,FAC_000,cardiac,17,1,0,107.49,18.009999999999998,0.058823529411764705,0.06924447070445128,0.09659232568001626,0.35902144774450007,False,computed_after_attribution,
2026-03-14,FAC_000,orthopedics,12,1,1,144.64999999999998,26.18,0.08333333333333333,0.07606698271354821,0.07713776080666754,0.3074802651335508,False,computed_after_attribution,
2026-03-14,FAC_000,respiratory,10,1,0,134.82,16.314999999999998,0.1,0.06556777231891074,0.07226501698408233,0.28236282327115775,False,computed_after_attribution,
2026-03-14,FAC_000,surgical,17,1,1,108.56,14.59,0.058823529411764705,0.07316705694159722,0.07293455991495565,0.29197073668646417,False,computed_after_attribution,
2026-03-14,FAC_000,transitional_care,15,0,0,161.51,15.175,0.0,0.09458620815102602,0.16676486524370568,0.594880803882143,False,computed_after_attribution,
2026-03-15,FAC_000,acute_medicine,28,1,0,127.495,18.62,0.03571428571428571,0.07808876680060754,0.11617284736750288,0.4266073089031162,False,computed_after_attribution,
2026-03-15,FAC_000,cardiac,13,1,0,114.16,18.195,0.07692307692307693,0.06924447070445128,0.09659232568001626,0.35902144774450007,False,computed_after_attribution,
2026-03-15,FAC_000,orthopedics,8,1,0,156.765,20.23,0.125,0.07606698271354821,0.07713776080666754,0.3074802651335508,False,computed_after_attribution,
2026-03-15,FAC_000,respiratory,24,2,2,132.04,21.0,0.08333333333333333,0.06556777231891074,0.07226501698408233,0.28236282327115775,False,computed_after_attribution,
2026-03-15,FAC_000,surgical,18,1,0,112.475,14.559999999999999,0.05555555555555555,0.07316705694159722,0.07293455991495565,0.29197073668646417,False,computed_after_attribution,
2026-03-15,FAC_000,transitional_care,15,1,1,160.22,20.18,0.06666666666666667,0.09458620815102602,0.16676486524370568,0.594880803882143,False,computed_after_attribution,
2026-03-16,FAC_000,acute_medicine,34,2,1,123.2,13.49,0.058823529411764705,0.07808876680060754,0.11617284736750288,0.4266073089031162,False,computed_after_attribution,
2026-03-16,FAC_000,cardiac,13,0,0,105.02,14.14,0.0,0.06924447070445128,0.09659232568001626,0.35902144774450007,False,computed_after_attribution,
2026-03-16,FAC_000,orthopedics,17,2,1,143.27,18.31,0.11764705882352941,0.07606698271354821,0.07713776080666754,0.3074802651335508,False,computed_after_attribution,
2026-03-16,FAC_000,respiratory,25,5,3,139.55,21.44,0.2,0.06556777231891074,0.07226501698408233,0.28236282327115775,False,computed_after_attribution,
2026-03-16,FAC_000,surgical,15,3,2,119.89,16.48,0.2,0.07316705694159722,0.07293455991495565,0.29197073668646417,False,computed_after_attribution,
2026-03-16,FAC_000,transitional_care,18,3,3,167.76,19.43,0.16666666666666666,0.09458620815102602,0.16676486524370568,0.594880803882143,False,computed_after_attribution,
2026-03-17,FAC_000,acute_medicine,35,1,2,123.0,17.74,0.02857142857142857,0.07808876680060754,0.11617284736750288,0.4266073089031162,False,computed_after_attribution,
2026-03-17,FAC_000,cardiac,13,2,1,105.4,16.72,0.15384615384615385,0.06924447070445128,0.09659232568001626,0.35902144774450007,False,computed_after_attribution,
2026-03-17,FAC_000,orthopedics,12,0,0,141.61,14.704999999999998,0.0,0.07606698271354821,0.07713776080666754,0.3074802651335508,False,computed_after_attribution,
2026-03-17,FAC_000,respiratory,22,0,0,130.64,19.105,0.0,0.06556777231891074,0.07226501698408233,0.28236282327115775,False,computed_after_attribution,
2026-03-17,FAC_000,surgical,20,1,1,110.31,15.17,0.05,0.07316705694159722,0.07293455991495565,0.29197073668646417,False,computed_after_attribution,
2026-03-17,FAC_000,transitional_care,17,3,3,172.22,19.49,0.17647058823529413,0.09458620815102602,0.16676486524370568,0.594880803882143,False,computed_after_attribution,
2026-03-18,FAC_000,acute_medicine,26,0,0,133.94,15.28,0.0,0.07808876680060754,0.11617284736750288,0.4266073089031162,False,computed_after_attribution,
2026-03-18,FAC_000,cardiac,17,0,0,107.94,16.43,0.0,0.06924447070445128,0.09659232568001626,0.35902144774450007,False,computed_after_attribution,
2026-03-18,FAC_000,orthopedics,15,2,0,141.6,14.45,0.13333333333333333,0.07606698271354821,0.07713776080666754,0.3074802651335508,False,computed_after_attribution,
2026-03-18,FAC_000,respiratory,15,1,1,137.28,20.17,0.06666666666666667,0.06556777231891074,0.07226501698408233,0.28236282327115775,False,computed_after_attribution,
2026-03-18,FAC_000,surgical,22,2,1,107.9,19.81,0.09090909090909091,0.07316705694159722,0.07293455991495565,0.29197073668646417,False,computed_after_attribution,
2026-03-18,FAC_000,transitional_care,14,1,1,167.0,19.77,0.07142857142857142,0.09458620815102602,0.16676486524370568,0.594880803882143,False,computed_after_attribution,
2026-03-19,FAC_000,acute_medicine,25,1,0,128.78,17.83,0.04,0.07808876680060754,0.11617284736750288,0.4266073089031162,False,computed_after_attribution,
2026-03-19,FAC_000,cardiac,12,2,1,108.785,23.85,0.16666666666666666,0.06924447070445128,0.09659232568001626,0.35902144774450007,False,computed_after_attribution,
2026-03-19,FAC_000,orthopedics,12,1,0,138.44,19.145,0.08333333333333333,0.07606698271354821,0.07713776080666754,0.3074802651335508,False,computed_after_attribution,
2026-03-19,FAC_000,respiratory,21,0,0,133.64,12.71,0.0,0.06556777231891074,0.07226501698408233,0.28236282327115775,False,computed_after_attribution,
2026-03-19,FAC_000,surgical,17,1,1,109.53,17.93,0.058823529411764705,0.07316705694159722,0.07293455991495565,0.29197073668646417,False,computed_after_attribution,
2026-03-19,FAC_000,transitional_care,21,0,0,159.46,15.385,0.0,0.09458620815102602,0.16676486524370568,0.594880803882143,False,computed_after_attribution,
2026-03-20,FAC_000,acute_medicine,31,1,1,127.37,18.26,0.03225806451612903,0.07808876680060754,0.11617284736750288,0.4266073089031162,False,computed_after_attribution,
2026-03-20,FAC_000,cardiac,16,0,0,105.25999999999999,17.165,0.0,0.06924447070445128,0.09659232568001626,0.35902144774450007,False,computed_after_attribution,
2026-03-20,FAC_000,orthopedics,8,0,0,141.31,24.63,0.0,0.07606698271354821,0.07713776080666754,0.3074802651335508,False,computed_after_attribution,
2026-03-20,FAC_000,respiratory,17,1,0,134.59,14.19,0.058823529411764705,0.06556777231891074,0.07226501698408233,0.28236282327115775,False,computed_after_attribution,
2026-03-20,FAC_000,surgical,13,0,0,113.0,12.87,0.0,0.07316705694159722,0.07293455991495565,0.29197073668646417,False,computed_after_attribution,
2026-03-20,FAC_000,transitional_care,17,0,0,155.03,19.439999999999998,0.0,0.09458620815102602,0.16676486524370568,0.594880803882143,False,computed_after_attribution,
2026-03-21,FAC_000,acute_medicine,29,0,0,118.25,14.74,0.0,0.07808876680060754,0.11617284736750288,0.4266073089031162,False,computed_after_attribution,
2026-03-21,FAC_000,cardiac,12,1,1,112.07,13.69,0.08333333333333333,0.06924447070445128,0.09659232568001626,0.35902144774450007,False,computed_after_attribution,
2026-03-21,FAC_000,orthopedics,18,3,2,150.79500000000002,22.155,0.16666666666666666,0.07606698271354821,0.07713776080666754,0.3074802651335508,False,computed_after_attribution,
2026-03-21,FAC_000,respiratory,14,1,0,126.12,16.79,0.07142857142857142,0.06556777231891074,0.07226501698408233,0.28236282327115775,False,computed_after_attribution,
2026-03-21,FAC_000,surgical,20,0,0,115.075,17.7,0.0,0.07316705694159722,0.07293455991495565,0.29197073668646417,False,computed_after_attribution,
2026-03-21,FAC_000,transitional_care,20,1,1,161.29500000000002,16.365,0.05,0.09458620815102602,0.16676486524370568,0.594880803882143,False,computed_after_attribution,
2026-03-22,FAC_000,acute_medicine,30,0,0,121.505,15.68,0.0,0.07808876680060754,0.11617284736750288,0.4266073089031162,False,computed_after_attribution,
2026-03-22,FAC_000,cardiac,11,0,0,104.53,17.945,0.0,0.06924447070445128,0.09659232568001626,0.35902144774450007,False,computed_after_attribution,
2026-03-22,FAC_000,orthopedics,18,0,0,137.4,11.38,0.0,0.07606698271354821,0.07713776080666754,0.3074802651335508,False,computed_after_attribution,
2026-03-22,FAC_000,respiratory,20,0,0,134.45499999999998,14.425,0.0,0.06556777231891074,0.07226501698408233,0.28236282327115775,False,computed_after_attribution,
2026-03-22,FAC_000,surgical,25,2,1,113.79,15.73,0.08,0.07316705694159722,0.07293455991495565,0.29197073668646417,False,computed_after_attribution,
2026-03-22,FAC_000,transitional_care,21,0,0,168.91,16.035,0.0,0.09458620815102602,0.16676486524370568,0.594880803882143,False,computed_after_attribution,
2026-03-23,FAC_000,acute_medicine,25,2,2,124.61,15.415,0.08,0.07808876680060754,0.11617284736750288,0.4266073089031162,False,computed_after_attribution,
2026-03-23,FAC_000,cardiac,13,1,0,108.24,17.5,0.07692307692307693,0.06924447070445128,0.09659232568001626,0.35902144774450007,False,computed_after_attribution,
2026-03-23,FAC_000,orthopedics,15,2,0,143.54,15.76,0.13333333333333333,0.07606698271354821,0.07713776080666754,0.3074802651335508,False,computed_after_attribution,
2026-03-23,FAC_000,respiratory,13,0,0,132.81,13.995000000000001,0.0,0.06556777231891074,0.07226501698408233,0.28236282327115775,False,computed_after_attribution,
2026-03-23,FAC_000,surgical,20,0,0,108.77,18.61,0.0,0.07316705694159722,0.07293455991495565,0.29197073668646417,False,computed_after_attribution,
2026-03-23,FAC_000,transitional_care,15,0,0,167.58,20.8,0.0,0.09458620815102602,0.16676486524370568,0.594880803882143,False,computed_after_attribution,
2026-03-24,FAC_000,acute_medicine,28,2,2,128.76,16.115,0.07142857142857142,0.07808876680060754,0.11617284736750288,0.4266073089031162,False,computed_after_attribution,
2026-03-24,FAC_000,cardiac,10,0,0,111.625,18.93,0.0,0.06924447070445128,0.09659232568001626,0.35902144774450007,False,computed_after_attribution,
2026-03-24,FAC_000,orthopedics,17,0,0,134.94,16.98,0.0,0.07606698271354821,0.07713776080666754,0.3074802651335508,False,computed_after_attribution,
2026-03-24,FAC_000,respiratory,14,0,0,131.48000000000002,17.335,0.0,0.06556777231891074,0.07226501698408233,0.28236282327115775,False,computed_after_attribution,
2026-03-24,FAC_000,surgical,14,3,1,113.405,19.494999999999997,0.21428571428571427,0.07316705694159722,0.07293455991495565,0.29197073668646417,False,computed_after_attribution,
2026-03-24,FAC_000,transitional_care,16,0,0,172.555,14.37,0.0,0.09458620815102602,0.16676486524370568,0.594880803882143,False,computed_after_attribution,
2026-03-25,FAC_000,acute_medicine,28,1,1,127.895,15.47,0.03571428571428571,0.07808876680060754,0.11617284736750288,0.4266073089031162,False,computed_after_attribution,
2026-03-25,FAC_000,cardiac,11,0,0,117.52,15.7,0.0,0.06924447070445128,0.09659232568001626,0.35902144774450007,False,computed_after_attribution,
2026-03-25,FAC_000,orthopedics,15,1,1,133.56,16.455,0.06666666666666667,0.07606698271354821,0.07713776080666754,0.3074802651335508,False,computed_after_attribution,
2026-03-25,FAC_000,respiratory,33,2,1,132.65,14.76,0.06060606060606061,0.06556777231891074,0.07226501698408233,0.28236282327115775,False,computed_after_attribution,
2026-03-25,FAC_000,surgical,24,3,2,117.62,15.735,0.125,0.07316705694159722,0.07293455991495565,0.29197073668646417,False,computed_after_attribution,
2026-03-25,FAC_000,transitional_care,15,2,2,159.24,21.64,0.13333333333333333,0.09458620815102602,0.16676486524370568,0.594880803882143,False,computed_after_attribution,
2026-03-26,FAC_000,acute_medicine,26,2,1,128.78500000000003,15.51,0.07692307692307693,0.07808876680060754,0.11617284736750288,0.4266073089031162,False,computed_after_attribution,
2026-03-26,FAC_000,cardiac,19,0,0,98.67,16.29,0.0,0.06924447070445128,0.09659232568001626,0.35902144774450007,False,computed_after_attribution,
2026-03-26,FAC_000,orthopedics,10,1,0,140.885,14.96,0.1,0.07606698271354821,0.07713776080666754,0.3074802651335508,False,computed_after_attribution,
2026-03-26,FAC_000,respiratory,17,1,0,137.12,22.02,0.058823529411764705,0.06556777231891074,0.07226501698408233,0.28236282327115775,False,computed_after_attribution,
2026-03-26,FAC_000,surgical,15,1,0,117.28,17.42,0.06666666666666667,0.07316705694159722,0.07293455991495565,0.29197073668646417,False,computed_after_attribution,
2026-03-26,FAC_000,transitional_care,13,0,0,160.87,15.96,0.0,0.09458620815102602,0.16676486524370568,0.594880803882143,False,computed_after_attribution,
2026-03-27,FAC_000,acute_medicine,35,1,1,124.54,17.66,0.02857142857142857,0.07808876680060754,0.11617284736750288,0.4266073089031162,False,computed_after_attribution,
2026-03-27,FAC_000,cardiac,10,0,0,99.755,14.31,0.0,0.06924447070445128,0.09659232568001626,0.35902144774450007,False,computed_after_attribution,
2026-03-27,FAC_000,orthopedics,16,2,2,138.755,17.634999999999998,0.125,0.07606698271354821,0.07713776080666754,0.3074802651335508,False,computed_after_attribution,
2026-03-27,FAC_000,respiratory,24,0,1,136.88,19.515,0.0,0.06556777231891074,0.07226501698408233,0.28236282327115775,False,computed_after_attribution,
2026-03-27,FAC_000,surgical,20,3,2,126.745,18.655,0.15,0.07316705694159722,0.07293455991495565,0.29197073668646417,False,computed_after_attribution,
2026-03-27,FAC_000,transitional_care,12,0,0,167.485,21.43,0.0,0.09458620815102602,0.16676486524370568,0.594880803882143,False,computed_after_attribution,
2026-03-28,FAC_000,acute_medicine,29,0,0,130.34,16.94,0.0,0.07808876680060754,0.11617284736750288,0.4266073089031162,False,computed_after_attribution,
2026-03-28,FAC_000,cardiac,13,0,0,118.96,19.52,0.0,0.06924447070445128,0.09659232568001626,0.35902144774450007,False,computed_after_attribution,
2026-03-28,FAC_000,orthopedics,9,0,0,133.95,14.75,0.0,0.07606698271354821,0.07713776080666754,0.3074802651335508,False,computed_after_attribution,
2026-03-28,FAC_000,respiratory,17,2,1,130.56,16.4,0.11764705882352941,0.06556777231891074,0.07226501698408233,0.28236282327115775,False,computed_after_attribution,
2026-03-28,FAC_000,surgical,18,1,0,109.755,16.74,0.05555555555555555,0.07316705694159722,0.07293455991495565,0.29197073668646417,False,computed_after_attribution,
2026-03-28,FAC_000,transitional_care,16,0,0,161.875,16.355,0.0,0.09458620815102602,0.16676486524370568,0.594880803882143,False,computed_after_attribution,
2026-03-29,FAC_000,acute_medicine,29,2,1,122.69,17.16,0.06896551724137931,0.07808876680060754,0.11617284736750288,0.4266073089031162,False,computed_after_attribution,
2026-03-29,FAC_000,cardiac,15,0,0,105.58,15.5,0.0,0.06924447070445128,0.09659232568001626,0.35902144774450007,False,computed_after_attribution,
2026-03-29,FAC_000,orthopedics,11,0,0,138.2,20.25,0.0,0.07606698271354821,0.07713776080666754,0.3074802651335508,False,computed_after_attribution,
2026-03-29,FAC_000,respiratory,24,0,0,131.875,16.215,0.0,0.06556777231891074,0.07226501698408233,0.28236282327115775,False,computed_after_attribution,
2026-03-29,FAC_000,surgical,11,2,1,108.23,12.7,0.18181818181818182,0.07316705694159722,0.07293455991495565,0.29197073668646417,False,computed_after_attribution,
2026-03-29,FAC_000,transitional_care,16,0,0,160.34,16.94,0.0,0.09458620815102602,0.16676486524370568,0.594880803882143,False,computed_after_attribution,
2026-03-30,FAC_000,acute_medicine,27,1,1,125.96,15.945,0.037037037037037035,0.07808876680060754,0.11617284736750288,0.4266073089031162,False,computed_after_attribution,
2026-03-30,FAC_000,cardiac,19,2,2,106.45,15.375,0.10526315789473684,0.06924447070445128,0.09659232568001626,0.35902144774450007,False,computed_after_attribution,
2026-03-30,FAC_000,orthopedics,17,0,1,135.56,13.82,0.0,0.07606698271354821,0.07713776080666754,0.3074802651335508,False,computed_after_attribution,
2026-03-30,FAC_000,respiratory,20,1,2,134.12,17.994999999999997,0.05,0.06556777231891074,0.07226501698408233,0.28236282327115775,False,computed_after_attribution,
2026-03-30,FAC_000,surgical,21,3,2,115.53,17.02,0.14285714285714285,0.07316705694159722,0.07293455991495565,0.29197073668646417,False,computed_after_attribution,
2026-03-30,FAC_000,transitional_care,16,2,1,165.95499999999998,20.25,0.125,0.09458620815102602,0.16676486524370568,0.594880803882143,False,computed_after_attribution,
2026-03-31,FAC_000,acute_medicine,25,1,0,126.01,15.46,0.04,0.07808876680060754,0.11617284736750288,0.4266073089031162,False,computed_after_attribution,
2026-03-31,FAC_000,cardiac,9,1,1,116.08,19.77,0.1111111111111111,0.06924447070445128,0.09659232568001626,0.35902144774450007,False,computed_after_attribution,
2026-03-31,FAC_000,orthopedics,19,1,2,142.48,17.965,0.05263157894736842,0.07606698271354821,0.07713776080666754,0.3074802651335508,False,computed_after_attribution,
2026-03-31,FAC_000,respiratory,26,0,0,131.3,15.77,0.0,0.06556777231891074,0.07226501698408233,0.28236282327115775,False,computed_after_attribution,
2026-03-31,FAC_000,surgical,16,0,0,118.53,16.295,0.0,0.07316705694159722,0.07293455991495565,0.29197073668646417,False,computed_after_attribution,
2026-03-31,FAC_000,transitional_care,13,1,0,172.65,15.1,0.07692307692307693,0.09458620815102602,0.16676486524370568,0.594880803882143,False,computed_after_attribution,
2026-04-01,FAC_000,acute_medicine,31,2,1,125.59,18.06,0.06451612903225806,0.07808876680060754,0.11617284736750288,0.4266073089031162,False,computed_after_attribution,
2026-04-01,FAC_000,cardiac,15,0,0,107.78,13.2,0.0,0.06924447070445128,0.09659232568001626,0.35902144774450007,False,computed_after_attribution,
2026-04-01,FAC_000,orthopedics,12,0,0,135.49,11.78,0.0,0.07606698271354821,0.07713776080666754,0.3074802651335508,False,computed_after_attribution,
2026-04-01,FAC_000,respiratory,25,1,0,131.09,13.94,0.04,0.06556777231891074,0.07226501698408233,0.28236282327115775,False,computed_after_attribution,
2026-04-01,FAC_000,surgical,13,1,0,114.47,14.61,0.07692307692307693,0.07316705694159722,0.07293455991495565,0.29197073668646417,False,computed_after_attribution,
2026-04-01,FAC_000,transitional_care,13,1,0,161.54,20.04,0.07692307692307693,0.09458620815102602,0.16676486524370568,0.594880803882143,False,computed_after_attribution,
2026-04-02,FAC_000,acute_medicine,29,1,2,132.14,18.98,0.034482758620689655,0.07808876680060754,0.11617284736750288,0.4266073089031162,False,computed_after_attribution,
2026-04-02,FAC_000,cardiac,11,1,1,114.52,16.53,0.09090909090909091,0.06924447070445128,0.09659232568001626,0.35902144774450007,False,computed_after_attribution,
2026-04-02,FAC_000,orthopedics,12,2,0,155.97,20.765,0.16666666666666666,0.07606698271354821,0.07713776080666754,0.3074802651335508,False,computed_after_attribution,
2026-04-02,FAC_000,respiratory,19,2,1,131.39,17.22,0.10526315789473684,0.06556777231891074,0.07226501698408233,0.28236282327115775,False,computed_after_attribution,
2026-04-02,FAC_000,surgical,14,0,1,121.91,21.6,0.0,0.07316705694159722,0.07293455991495565,0.29197073668646417,False,computed_after_attribution,
2026-04-02,FAC_000,transitional_care,19,0,0,149.5,16.64,0.0,0.09458620815102602,0.16676486524370568,0.594880803882143,False,computed_after_attribution,
2026-04-03,FAC_000,acute_medicine,31,0,0,124.45,15.43,0.0,0.07808876680060754,0.11617284736750288,0.4266073089031162,False,computed_after_attribution,
2026-04-03,FAC_000,cardiac,9,0,0,102.03,13.95,0.0,0.06924447070445128,0.09659232568001626,0.35902144774450007,False,computed_after_attribution,
2026-04-03,FAC_000,orthopedics,15,1,0,142.8,19.54,0.06666666666666667,0.07606698271354821,0.07713776080666754,0.3074802651335508,False,computed_after_attribution,
2026-04-03,FAC_000,respiratory,13,1,0,144.28,18.56,0.07692307692307693,0.06556777231891074,0.07226501698408233,0.28236282327115775,False,computed_after_attribution,
2026-04-03,FAC_000,surgical,12,0,0,103.075,15.43,0.0,0.07316705694159722,0.07293455991495565,0.29197073668646417,False,computed_after_attribution,
2026-04-03,FAC_000,transitional_care,17,0,0,155.18,14.485,0.0,0.09458620815102602,0.16676486524370568,0.594880803882143,False,computed_after_attribution,
2026-04-04,FAC_000,acute_medicine,27,1,1,131.19,16.37,0.037037037037037035,0.07808876680060754,0.11617284736750288,0.4266073089031162,False,computed_after_attribution,
2026-04-04,FAC_000,cardiac,9,0,0,113.46,22.22,0.0,0.06924447070445128,0.09659232568001626,0.35902144774450007,False,computed_after_attribution,
2026-04-04,FAC_000,orthopedics,12,0,1,147.81,16.94,0.0,0.07606698271354821,0.07713776080666754,0.3074802651335508,False,computed_after_attribution,
2026-04-04,FAC_000,respiratory,20,0,0,135.53,19.595,0.0,0.06556777231891074,0.07226501698408233,0.28236282327115775,False,computed_after_attribution,
2026-04-04,FAC_000,surgical,16,0,0,116.405,13.33,0.0,0.07316705694159722,0.07293455991495565,0.29197073668646417,False,computed_after_attribution,
2026-04-04,FAC_000,transitional_care,17,0,0,162.73,18.59,0.0,0.09458620815102602,0.16676486524370568,0.594880803882143,False,computed_after_attribution,
2026-04-05,FAC_000,acute_medicine,28,2,0,126.1,17.67,0.07142857142857142,0.07808876680060754,0.11617284736750288,0.4266073089031162,False,computed_after_attribution,
2026-04-05,FAC_000,cardiac,4,2,0,134.35,14.63,0.5,0.06924447070445128,0.09659232568001626,0.35902144774450007,True,computed_after_attribution,
2026-04-05,FAC_000,orthopedics,6,0,0,139.54500000000002,13.52,0.0,0.07606698271354821,0.07713776080666754,0.3074802651335508,False,computed_after_attribution,
2026-04-05,FAC_000,respiratory,28,4,1,131.45499999999998,19.025,0.14285714285714285,0.06556777231891074,0.07226501698408233,0.28236282327115775,False,computed_after_attribution,
2026-04-05,FAC_000,surgical,23,1,1,119.59,16.04,0.043478260869565216,0.07316705694159722,0.07293455991495565,0.29197073668646417,False,computed_after_attribution,
2026-04-05,FAC_000,transitional_care,23,0,1,158.18,17.48,0.0,0.09458620815102602,0.16676486524370568,0.594880803882143,False,computed_after_attribution,
2026-04-06,FAC_000,acute_medicine,14,3,2,143.305,23.07,0.21428571428571427,0.07808876680060754,0.11617284736750288,0.4266073089031162,False,computed_after_attribution,
2026-04-06,FAC_000,orthopedics,14,0,0,141.19,22.84,0.0,0.07606698271354821,0.07713776080666754,0.3074802651335508,False,computed_after_attribution,
2026-04-06,FAC_000,respiratory,12,2,1,142.865,20.37,0.16666666666666666,0.06556777231891074,0.07226501698408233,0.28236282327115775,False,computed_after_attribution,
2026-04-06,FAC_000,surgical,4,2,0,146.16,27.259999999999998,0.5,0.07316705694159722,0.07293455991495565,0.29197073668646417,True,computed_after_attribution,
2026-04-06,FAC_000,transitional_care,13,2,1,175.5,16.44,0.15384615384615385,0.09458620815102602,0.16676486524370568,0.594880803882143,False,computed_after_attribution,
2026-04-07,FAC_000,acute_medicine,3,1,0,154.27,26.06,0.3333333333333333,0.07808876680060754,0.11617284736750288,0.4266073089031162,False,computed_after_attribution,
2026-04-07,FAC_000,respiratory,7,4,0,161.16,27.64,0.5714285714285714,0.06556777231891074,0.07226501698408233,0.28236282327115775,True,computed_after_attribution,
2026-04-07,FAC_000,transitional_care,9,2,0,179.33,25.905,0.2222222222222222,0.09458620815102602,0.16676486524370568,0.594880803882143,False,computed_after_attribution,
2026-04-08,FAC_000,transitional_care,3,2,1,217.59,45.06,0.6666666666666666,0.09458620815102602,0.16676486524370568,0.594880803882143,True,computed_after_attribution,
2026-04-09,FAC_000,acute_medicine,1,1,1,204.65,95.24,1.0,0.07808876680060754,0.11617284736750288,0.4266073089031162,True,computed_after_attribution,
2026-04-09,FAC_000,transitional_care,1,1,1,254.63,80.92,1.0,0.09458620815102602,0.16676486524370568,0.594880803882143,True,computed_after_attribution,
2026-04-10,FAC_000,transitional_care,1,1,1,232.86,104.18,1.0,0.09458620815102602,0.16676486524370568,0.594880803882143,True,computed_after_attribution,
