date,facility_id,unit_id,discharges,oob_cases,post_ready_hard_cap_cases,median_los_hours,median_post_ready_delay_hours,oob_rate,centerline_oob_rate,sigma_oob_rate,upper_control_limit,control_chart_signal_flag,top_blocker,estimated_bed_days_recoverable
2026-01-04,FAC_000,cardiac,1,0,0,72.83,13.85,0.0,0.1065108944971108,0.1650653121906682,0.6017068310691154,False,computed_after_attribution,
2026-01-05,FAC_000,acute_medicine,3,0,0,108.74,8.05,0.0,0.0909283462614665,0.15220727827312347,0.5475501810808369,False,computed_after_attribution,
2026-01-05,FAC_000,cardiac,9,0,0,95.51,13.49,0.0,0.1065108944971108,0.1650653121906682,0.6017068310691154,False,computed_after_attribution,
2026-01-05,FAC_000,surgical,8,0,0,101.37,15.239999999999998,0.0,0.10158540412953772,0.17820475755615836,0.6361996767980128,False,computed_after_attribution,
2026-01-06,FAC_000,acute_medicine,14,0,0,118.27000000000001,16.66,0.0,0.0909283462614665,0.15220727827312347,0.5475501810808369,False,computed_after_attribution,
2026-01-06,FAC_000,cardiac,13,0,0,101.33,14.004999999999999,0.0,0.1065108944971108,0.1650653121906682,0.6017068310691154,False,computed_after_attribution,
2026-01-06,FAC_000,orthopedics,4,0,0,130.54000000000002,16.405,0.0,0.09733847824704711,0.15699888285137892,0.5683351268011838,False,computed_after_attribution,
2026-01-06,FAC_000,respiratory,10,0,0,124.61500000000001,15.16,0.0,0.09826621969127736,0.15813415999260208,0.5726686996690836,False,computed_after_attribution,
2026-01-06,FAC_000,surgical,13,0,0,105.85,11.82,0.0,0.10158540412953772,0.17820475755615836,0.6361996767980128,False,computed_after_attribution,
2026-01-07,FAC_000,acute_medicine,28,0,0,126.775,17.79,0.0,0.0909283462614665,0.15220727827312347,0.5475501810808369,False,computed_after_attribution,
2026-01-07,FAC_000,cardiac,7,0,0,116.55,17.869999999999997,0.0,0.1065108944971108,0.1650653121906682,0.6017068310691154,False,computed_after_attribution,
2026-01-07,FAC_000,orthopedics,7,0,0,131.26,13.21,0.0,0.09733847824704711,0.15699888285137892,0.5683351268011838,False,computed_after_attribution,
2026-01-07,FAC_000,respiratory,17,0,0,127.01,13.51,0.0,0.09826621969127736,0.15813415999260208,0.5726686996690836,False,computed_after_attribution,
2026-01-07,FAC_000,surgical,22,1,1,117.215,19.07,0.045454545454545456,0.10158540412953772,0.17820475755615836,0.6361996767980128,False,computed_after_attribution,
2026-01-07,FAC_000,transitional_care,5,0,0,141.07,7.26,0.0,0.10075960869509297,0.17093617408315487,0.6135681309445575,False,computed_after_attribution,
2026-01-08,FAC_000,acute_medicine,37,1,3,124.37,17.445,0.02702702702702703,0.0909283462614665,0.15220727827312347,0.5475501810808369,False,computed_after_attribution,
2026-01-08,FAC_000,cardiac,10,0,0,107.845,22.64,0.0,0.1065108944971108,0.1650653121906682,0.6017068310691154,False,computed_after_attribution,
2026-01-08,FAC_000,orthopedics,10,0,0,143.195,18.565,0.0,0.09733847824704711,0.15699888285137892,0.5683351268011838,False,computed_after_attribution,
2026-01-08,FAC_000,respiratory,26,3,3,138.20499999999998,19.48,0.11538461538461539,0.09826621969127736,0.15813415999260208,0.5726686996690836,False,computed_after_attribution,
2026-01-08,FAC_000,surgical,17,1,0,116.78,16.535,0.058823529411764705,0.10158540412953772,0.17820475755615836,0.6361996767980128,False,computed_after_attribution,
2026-01-08,FAC_000,transitional_care,12,0,0,155.57,16.455,0.0,0.10075960869509297,0.17093617408315487,0.6135681309445575,False,computed_after_attribution,
2026-01-09,FAC_000,acute_medicine,37,2,2,131.51,16.71,0.05405405405405406,0.0909283462614665,0.15220727827312347,0.5475501810808369,False,computed_after_attribution,
2026-01-09,FAC_000,cardiac,11,0,0,112.2,17.575000000000003,0.0,0.1065108944971108,0.1650653121906682,0.6017068310691154,False,computed_after_attribution,
2026-01-09,FAC_000,orthopedics,15,1,0,134.75,17.68,0.06666666666666667,0.09733847824704711,0.15699888285137892,0.5683351268011838,False,computed_after_attribution,
2026-01-09,FAC_000,respiratory,18,1,2,141.035,16.645000000000003,0.05555555555555555,0.09826621969127736,0.15813415999260208,0.5726686996690836,False,computed_after_attribution,
2026-01-09,FAC_000,surgical,16,0,1,115.68,15.120000000000001,0.0,0.10158540412953772,0.17820475755615836,0.6361996767980128,False,computed_after_attribution,
2026-01-09,FAC_000,transitional_care,10,0,0,159.015,14.129999999999999,0.0,0.10075960869509297,0.17093617408315487,0.6135681309445575,False,computed_after_attribution,
2026-01-10,FAC_000,acute_medicine,24,0,1,121.295,15.665,0.0,0.0909283462614665,0.15220727827312347,0.5475501810808369,False,computed_after_attribution,
2026-01-10,FAC_000,cardiac,16,0,0,104.525,19.735,0.0,0.1065108944971108,0.1650653121906682,0.6017068310691154,False,computed_after_attribution,
2026-01-10,FAC_000,orthopedics,11,1,0,144.28,19.205,0.09090909090909091,0.09733847824704711,0.15699888285137892,0.5683351268011838,False,computed_after_attribution,
2026-01-10,FAC_000,respiratory,16,0,0,135.225,18.905,0.0,0.09826621969127736,0.15813415999260208,0.5726686996690836,False,computed_after_attribution,
2026-01-10,FAC_000,surgical,10,1,1,128.3,24.16,0.1,0.10158540412953772,0.17820475755615836,0.6361996767980128,False,computed_after_attribution,
2026-01-10,FAC_000,transitional_care,17,0,1,169.56,19.52,0.0,0.10075960869509297,0.17093617408315487,0.6135681309445575,False,computed_after_attribution,
2026-01-11,FAC_000,acute_medicine,23,0,0,129.19,14.43,0.0,0.0909283462614665,0.15220727827312347,0.5475501810808369,False,computed_after_attribution,
2026-01-11,FAC_000,cardiac,9,1,0,99.84,21.54,0.1111111111111111,0.1065108944971108,0.1650653121906682,0.6017068310691154,False,computed_after_attribution,
2026-01-11,FAC_000,orthopedics,8,1,0,145.215,14.195,0.125,0.09733847824704711,0.15699888285137892,0.5683351268011838,False,computed_after_attribution,
2026-01-11,FAC_000,respiratory,19,0,1,137.68,16.27,0.0,0.09826621969127736,0.15813415999260208,0.5726686996690836,False,computed_after_attribution,
2026-01-11,FAC_000,surgical,12,0,1,111.235,18.37,0.0,0.10158540412953772,0.17820475755615836,0.6361996767980128,False,computed_after_attribution,
2026-01-11,FAC_000,transitional_care,14,3,2,172.07999999999998,21.84,0.21428571428571427,0.10075960869509297,0.17093617408315487,0.6135681309445575,False,computed_after_attribution,
2026-01-12,FAC_000,acute_medicine,33,2,2,126.1,15.254999999999999,0.06060606060606061,0.0909283462614665,0.15220727827312347,0.5475501810808369,False,computed_after_attribution,
2026-01-12,FAC_000,cardiac,19,0,0,114.37,20.465000000000003,0.0,0.1065108944971108,0.1650653121906682,0.6017068310691154,False,computed_after_attribution,
2026-01-12,FAC_000,orthopedics,18,1,0,142.03500000000003,18.295,0.05555555555555555,0.09733847824704711,0.15699888285137892,0.5683351268011838,False,computed_after_attribution,
2026-01-12,FAC_000,respiratory,16,0,0,140.95,21.23,0.0,0.09826621969127736,0.15813415999260208,0.5726686996690836,False,computed_after_attribution,
2026-01-12,FAC_000,surgical,16,1,0,113.03999999999999,15.0,0.0625,0.10158540412953772,0.17820475755615836,0.6361996767980128,False,computed_after_attribution,
2026-01-12,FAC_000,transitional_care,12,0,0,168.34,18.405,0.0,0.10075960869509297,0.17093617408315487,0.6135681309445575,False,computed_after_attribution,
2026-01-13,FAC_000,acute_medicine,23,0,3,131.28,22.09,0.0,0.0909283462614665,0.15220727827312347,0.5475501810808369,False,computed_after_attribution,
2026-01-13,FAC_000,cardiac,13,0,0,108.05,17.465,0.0,0.1065108944971108,0.1650653121906682,0.6017068310691154,False,computed_after_attribution,
2026-01-13,FAC_000,orthopedics,21,2,0,141.99,18.67,0.09523809523809523,0.09733847824704711,0.15699888285137892,0.5683351268011838,False,computed_after_attribution,
2026-01-13,FAC_000,respiratory,22,1,2,130.255,17.77,0.045454545454545456,0.09826621969127736,0.15813415999260208,0.5726686996690836,False,computed_after_attribution,
2026-01-13,FAC_000,surgical,13,1,0,111.37,15.865000000000002,0.07692307692307693,0.10158540412953772,0.17820475755615836,0.6361996767980128,False,computed_after_attribution,
2026-01-13,FAC_000,transitional_care,19,0,0,163.73,16.115000000000002,0.0,0.10075960869509297,0.17093617408315487,0.6135681309445575,False,computed_after_attribution,
2026-01-14,FAC_000,acute_medicine,25,1,1,123.55,13.52,0.04,0.0909283462614665,0.15220727827312347,0.5475501810808369,False,computed_after_attribution,
2026-01-14,FAC_000,cardiac,15,2,2,113.13,18.88,0.13333333333333333,0.1065108944971108,0.1650653121906682,0.6017068310691154,False,computed_after_attribution,
2026-01-14,FAC_000,orthopedics,22,1,0,147.625,20.21,0.045454545454545456,0.09733847824704711,0.15699888285137892,0.5683351268011838,False,computed_after_attribution,
2026-01-14,FAC_000,respiratory,21,1,1,129.3,16.06,0.047619047619047616,0.09826621969127736,0.15813415999260208,0.5726686996690836,False,computed_after_attribution,
2026-01-14,FAC_000,surgical,20,3,3,126.03999999999999,19.385,0.15,0.10158540412953772,0.17820475755615836,0.6361996767980128,False,computed_after_attribution,
2026-01-14,FAC_000,transitional_care,18,5,5,169.11,16.4,0.2777777777777778,0.10075960869509297,0.17093617408315487,0.6135681309445575,False,computed_after_attribution,
2026-01-15,FAC_000,acute_medicine,33,3,5,134.78,27.1,0.09090909090909091,0.0909283462614665,0.15220727827312347,0.5475501810808369,False,computed_after_attribution,
2026-01-15,FAC_000,cardiac,13,3,3,111.4,17.055,0.23076923076923078,0.1065108944971108,0.1650653121906682,0.6017068310691154,False,computed_after_attribution,
2026-01-15,FAC_000,orthopedics,11,3,2,144.21,15.92,0.2727272727272727,0.09733847824704711,0.15699888285137892,0.5683351268011838,False,computed_after_attribution,
2026-01-15,FAC_000,respiratory,28,1,1,130.21,16.12,0.03571428571428571,0.09826621969127736,0.15813415999260208,0.5726686996690836,False,computed_after_attribution,
2026-01-15,FAC_000,surgical,21,3,3,111.99,18.63,0.14285714285714285,0.10158540412953772,0.17820475755615836,0.6361996767980128,False,computed_after_attribution,
2026-01-15,FAC_000,transitional_care,13,2,1,165.89,13.79,0.15384615384615385,0.10075960869509297,0.17093617408315487,0.6135681309445575,False,computed_after_attribution,
2026-01-16,FAC_000,acute_medicine,22,1,2,125.41,15.9,0.045454545454545456,0.0909283462614665,0.15220727827312347,0.5475501810808369,False,computed_after_attribution,
2026-01-16,FAC_000,cardiac,8,1,1,113.605,22.490000000000002,0.125,0.1065108944971108,0.1650653121906682,0.6017068310691154,False,computed_after_attribution,
2026-01-16,FAC_000,orthopedics,12,0,0,145.56,16.745,0.0,0.09733847824704711,0.15699888285137892,0.5683351268011838,False,computed_after_attribution,
2026-01-16,FAC_000,respiratory,18,0,0,131.595,19.145,0.0,0.09826621969127736,0.15813415999260208,0.5726686996690836,False,computed_after_attribution,
2026-01-16,FAC_000,surgical,17,0,0,113.04,22.3,0.0,0.10158540412953772,0.17820475755615836,0.6361996767980128,False,computed_after_attribution,
2026-01-16,FAC_000,transitional_care,23,1,1,160.32,17.75,0.043478260869565216,0.10075960869509297,0.17093617408315487,0.6135681309445575,False,computed_after_attribution,
2026-01-17,FAC_000,acute_medicine,27,0,0,128.98,19.02,0.0,0.0909283462614665,0.15220727827312347,0.5475501810808369,False,computed_after_attribution,
2026-01-17,FAC_000,cardiac,8,1,1,120.875,21.105,0.125,0.1065108944971108,0.1650653121906682,0.6017068310691154,False,computed_after_attribution,
2026-01-17,FAC_000,orthopedics,12,2,2,139.635,21.71,0.16666666666666666,0.09733847824704711,0.15699888285137892,0.5683351268011838,False,computed_after_attribution,
2026-01-17,FAC_000,respiratory,13,0,0,134.06,17.06,0.0,0.09826621969127736,0.15813415999260208,0.5726686996690836,False,computed_after_attribution,
2026-01-17,FAC_000,surgical,15,3,2,123.13,21.5,0.2,0.10158540412953772,0.17820475755615836,0.6361996767980128,False,computed_after_attribution,
2026-01-17,FAC_000,transitional_care,8,0,0,160.345,16.43,0.0,0.10075960869509297,0.17093617408315487,0.6135681309445575,False,computed_after_attribution,
2026-01-18,FAC_000,acute_medicine,28,0,0,121.13499999999999,17.42,0.0,0.0909283462614665,0.15220727827312347,0.5475501810808369,False,computed_after_attribution,
2026-01-18,FAC_000,cardiac,18,0,0,102.485,16.41,0.0,0.1065108944971108,0.1650653121906682,0.6017068310691154,False,computed_after_attribution,
2026-01-18,FAC_000,orthopedics,9,1,1,135.68,14.69,0.1111111111111111,0.09733847824704711,0.15699888285137892,0.5683351268011838,False,computed_after_attribution,
2026-01-18,FAC_000,respiratory,25,4,4,132.44,19.145000000000003,0.16,0.09826621969127736,0.15813415999260208,0.5726686996690836,False,computed_after_attribution,
2026-01-18,FAC_000,surgical,17,0,1,115.56,17.895,0.0,0.10158540412953772,0.17820475755615836,0.6361996767980128,False,computed_after_attribution,
2026-01-18,FAC_000,transitional_care,24,1,1,173.675,18.525,0.041666666666666664,0.10075960869509297,0.17093617408315487,0.6135681309445575,False,computed_after_attribution,
2026-01-19,FAC_000,acute_medicine,36,1,3,132.04,20.42,0.027777777777777776,0.0909283462614665,0.15220727827312347,0.5475501810808369,False,computed_after_attribution,
2026-01-19,FAC_000,cardiac,9,2,2,101.77,13.73,0.2222222222222222,0.1065108944971108,0.1650653121906682,0.6017068310691154,False,computed_after_attribution,
2026-01-19,FAC_000,orthopedics,17,3,1,142.23,17.75,0.17647058823529413,0.09733847824704711,0.15699888285137892,0.5683351268011838,False,computed_after_attribution,
2026-01-19,FAC_000,respiratory,19,3,2,133.84,23.915,0.15789473684210525,0.09826621969127736,0.15813415999260208,0.5726686996690836,False,computed_after_attribution,
2026-01-19,FAC_000,surgical,13,0,1,118.36,21.51,0.0,0.10158540412953772,0.17820475755615836,0.6361996767980128,False,computed_after_attribution,
2026-01-19,FAC_000,transitional_care,18,1,1,175.75,14.95,0.05555555555555555,0.10075960869509297,0.17093617408315487,0.6135681309445575,False,computed_after_attribution,
2026-01-20,FAC_000,acute_medicine,30,2,2,134.71499999999997,21.975,0.06666666666666667,0.0909283462614665,0.15220727827312347,0.5475501810808369,False,computed_after_attribution,
2026-01-20,FAC_000,cardiac,15,2,2,100.42,19.285,0.13333333333333333,0.1065108944971108,0.1650653121906682,0.6017068310691154,False,computed_after_attribution,
2026-01-20,FAC_000,orthopedics,9,1,1,148.94,16.55,0.1111111111111111,0.09733847824704711,0.15699888285137892,0.5683351268011838,False,computed_after_attribution,
2026-01-20,FAC_000,respiratory,18,1,1,129.92000000000002,15.28,0.05555555555555555,0.09826621969127736,0.15813415999260208,0.5726686996690836,False,computed_after_attribution,
2026-01-20,FAC_000,surgical,21,0,2,117.02,18.68,0.0,0.10158540412953772,0.17820475755615836,0.6361996767980128,False,computed_after_attribution,
2026-01-20,FAC_000,transitional_care,15,1,0,160.63,21.03,0.06666666666666667,0.10075960869509297,0.17093617408315487,0.6135681309445575,False,computed_after_attribution,
2026-01-21,FAC_000,acute_medicine,36,5,6,138.075,20.035,0.1388888888888889,0.0909283462614665,0.15220727827312347,0.5475501810808369,False,computed_after_attribution,
2026-01-21,FAC_000,cardiac,13,1,1,103.47,19.01,0.07692307692307693,0.1065108944971108,0.1650653121906682,0.6017068310691154,False,computed_after_attribution,
2026-01-21,FAC_000,orthopedics,20,2,1,143.995,20.090000000000003,0.1,0.09733847824704711,0.15699888285137892,0.5683351268011838,False,computed_after_attribution,
2026-01-21,FAC_000,respiratory,20,1,0,130.01,19.915,0.05,0.09826621969127736,0.15813415999260208,0.5726686996690836,False,computed_after_attribution,
2026-01-21,FAC_000,surgical,20,4,3,114.88,23.08,0.2,0.10158540412953772,0.17820475755615836,0.6361996767980128,False,computed_after_attribution,
2026-01-21,FAC_000,transitional_care,12,2,1,163.28,16.84,0.16666666666666666,0.10075960869509297,0.17093617408315487,0.6135681309445575,False,computed_after_attribution,
2026-01-22,FAC_000,acute_medicine,38,7,7,131.325,21.315,0.18421052631578946,0.0909283462614665,0.15220727827312347,0.5475501810808369,False,computed_after_attribution,
2026-01-22,FAC_000,cardiac,15,2,2,108.95,16.595,0.13333333333333333,0.1065108944971108,0.1650653121906682,0.6017068310691154,False,computed_after_attribution,
2026-01-22,FAC_000,orthopedics,14,1,1,133.905,16.11,0.07142857142857142,0.09733847824704711,0.15699888285137892,0.5683351268011838,False,computed_after_attribution,
2026-01-22,FAC_000,respiratory,19,3,2,136.6,21.46,0.15789473684210525,0.09826621969127736,0.15813415999260208,0.5726686996690836,False,computed_after_attribution,
2026-01-22,FAC_000,surgical,21,3,1,117.9,16.36,0.14285714285714285,0.10158540412953772,0.17820475755615836,0.6361996767980128,False,computed_after_attribution,
2026-01-22,FAC_000,transitional_care,17,5,5,164.41,23.4,0.29411764705882354,0.10075960869509297,0.17093617408315487,0.6135681309445575,False,computed_after_attribution,
2026-01-23,FAC_000,acute_medicine,27,3,4,132.42,21.63,0.1111111111111111,0.0909283462614665,0.15220727827312347,0.5475501810808369,False,computed_after_attribution,
2026-01-23,FAC_000,cardiac,15,4,3,112.47,19.33,0.26666666666666666,0.1065108944971108,0.1650653121906682,0.6017068310691154,False,computed_after_attribution,
2026-01-23,FAC_000,orthopedics,12,0,0,136.34,25.11,0.0,0.09733847824704711,0.15699888285137892,0.5683351268011838,False,computed_after_attribution,
2026-01-23,FAC_000,respiratory,28,6,3,138.01999999999998,17.695,0.21428571428571427,0.09826621969127736,0.15813415999260208,0.5726686996690836,False,computed_after_attribution,
2026-01-23,FAC_000,surgical,18,1,3,123.595,20.205,0.05555555555555555,0.10158540412953772,0.17820475755615836,0.6361996767980128,False,computed_after_attribution,
2026-01-23,FAC_000,transitional_care,17,3,2,157.86,19.19,0.17647058823529413,0.10075960869509297,0.17093617408315487,0.6135681309445575,False,computed_after_attribution,
2026-01-24,FAC_000,acute_medicine,27,3,2,133.32,21.53,0.1111111111111111,0.0909283462614665,0.15220727827312347,0.5475501810808369,False,computed_after_attribution,
2026-01-24,FAC_000,cardiac,16,5,4,108.905,22.28,0.3125,0.1065108944971108,0.1650653121906682,0.6017068310691154,False,computed_after_attribution,
2026-01-24,FAC_000,orthopedics,14,0,0,141.95,23.04,0.0,0.09733847824704711,0.15699888285137892,0.5683351268011838,False,computed_after_attribution,
2026-01-24,FAC_000,respiratory,18,1,1,131.8,20.13,0.05555555555555555,0.09826621969127736,0.15813415999260208,0.5726686996690836,False,computed_after_attribution,
2026-01-24,FAC_000,surgical,17,1,1,116.44,20.865000000000002,0.058823529411764705,0.10158540412953772,0.17820475755615836,0.6361996767980128,False,computed_after_attribution,
2026-01-24,FAC_000,transitional_care,9,1,1,170.47,24.06,0.1111111111111111,0.10075960869509297,0.17093617408315487,0.6135681309445575,False,computed_after_attribution,
2026-01-25,FAC_000,acute_medicine,35,5,3,131.85,18.83,0.14285714285714285,0.0909283462614665,0.15220727827312347,0.5475501810808369,False,computed_after_attribution,
2026-01-25,FAC_000,cardiac,14,1,0,98.16499999999999,15.315000000000001,0.07142857142857142,0.1065108944971108,0.1650653121906682,0.6017068310691154,False,computed_after_attribution,
2026-01-25,FAC_000,orthopedics,11,1,1,140.0,17.72,0.09090909090909091,0.09733847824704711,0.15699888285137892,0.5683351268011838,False,computed_after_attribution,
2026-01-25,FAC_000,respiratory,21,2,1,136.26,22.03,0.09523809523809523,0.09826621969127736,0.15813415999260208,0.5726686996690836,False,computed_after_attribution,
2026-01-25,FAC_000,surgical,19,0,0,113.15,16.130000000000003,0.0,0.10158540412953772,0.17820475755615836,0.6361996767980128,False,computed_after_attribution,
2026-01-25,FAC_000,transitional_care,10,0,0,157.21499999999997,15.77,0.0,0.10075960869509297,0.17093617408315487,0.6135681309445575,False,computed_after_attribution,
2026-01-26,FAC_000,acute_medicine,25,1,1,127.17,16.07,0.04,0.0909283462614665,0.15220727827312347,0.5475501810808369,False,computed_after_attribution,
2026-01-26,FAC_000,cardiac,13,1,1,100.76,15.08,0.07692307692307693,0.1065108944971108,0.1650653121906682,0.6017068310691154,False,computed_after_attribution,
2026-01-26,FAC_000,orthopedics,16,1,1,141.89,21.689999999999998,0.0625,0.09733847824704711,0.15699888285137892,0.5683351268011838,False,computed_after_attribution,
2026-01-26,FAC_000,respiratory,20,0,0,135.435,15.48,0.0,0.09826621969127736,0.15813415999260208,0.5726686996690836,False,computed_after_attribution,
2026-01-26,FAC_000,surgical,18,1,2,121.155,19.545,0.05555555555555555,0.10158540412953772,0.17820475755615836,0.6361996767980128,False,computed_after_attribution,
2026-01-26,FAC_000,transitional_care,18,1,1,158.165,17.61,0.05555555555555555,0.10075960869509297,0.17093617408315487,0.6135681309445575,False,computed_after_attribution,
2026-01-27,FAC_000,acute_medicine,24,1,3,131.075,19.615000000000002,0.041666666666666664,0.0909283462614665,0.15220727827312347,0.5475501810808369,False,computed_after_attribution,
2026-01-27,FAC_000,cardiac,17,1,1,112.45,19.79,0.058823529411764705,0.1065108944971108,0.1650653121906682,0.6017068310691154,False,computed_after_attribution,
2026-01-27,FAC_000,orthopedics,5,0,0,140.52,12.5,0.0,0.09733847824704711,0.15699888285137892,0.5683351268011838,False,computed_after_attribution,
2026-01-27,FAC_000,respiratory,18,0,0,131.235,15.66,0.0,0.09826621969127736,0.15813415999260208,0.5726686996690836,False,computed_after_attribution,
2026-01-27,FAC_000,surgical,11,1,2,117.93,23.41,0.09090909090909091,0.10158540412953772,0.17820475755615836,0.6361996767980128,False,computed_after_attribution,
2026-01-27,FAC_000,transitional_care,19,0,0,167.2,24.48,0.0,0.10075960869509297,0.17093617408315487,0.6135681309445575,False,computed_after_attribution,
2026-01-28,FAC_000,acute_medicine,38,4,5,135.005,22.13,0.10526315789473684,0.0909283462614665,0.15220727827312347,0.5475501810808369,False,computed_after_attribution,
2026-01-28,FAC_000,cardiac,14,1,1,107.595,22.605,0.07142857142857142,0.1065108944971108,0.1650653121906682,0.6017068310691154,False,computed_after_attribution,
2026-01-28,FAC_000,orthopedics,10,0,0,146.04000000000002,16.825,0.0,0.09733847824704711,0.15699888285137892,0.5683351268011838,False,computed_after_attribution,
2026-01-28,FAC_000,respiratory,23,3,3,141.43,21.73,0.13043478260869565,0.09826621969127736,0.15813415999260208,0.5726686996690836,False,computed_after_attribution,
2026-01-28,FAC_000,surgical,13,1,0,118.53,26.985,0.07692307692307693,0.10158540412953772,0.17820475755615836,0.6361996767980128,False,computed_after_attribution,
2026-01-28,FAC_000,transitional_care,15,1,1,164.63,19.700000000000003,0.06666666666666667,0.10075960869509297,0.17093617408315487,0.6135681309445575,False,computed_after_attribution,
2026-01-29,FAC_000,acute_medicine,39,3,5,130.2,21.09,0.07692307692307693,0.0909283462614665,0.15220727827312347,0.5475501810808369,False,computed_after_attribution,
2026-01-29,FAC_000,cardiac,15,0,0,103.34,18.97,0.0,0.1065108944971108,0.1650653121906682,0.6017068310691154,False,computed_after_attribution,
2026-01-29,FAC_000,orthopedics,13,2,2,153.52,26.24,0.15384615384615385,0.09733847824704711,0.15699888285137892,0.5683351268011838,False,computed_after_attribution,
2026-01-29,FAC_000,respiratory,19,5,4,136.48,21.91,0.2631578947368421,0.09826621969127736,0.15813415999260208,0.5726686996690836,False,computed_after_attribution,
2026-01-29,FAC_000,surgical,23,2,3,112.86,17.72,0.08695652173913043,0.10158540412953772,0.17820475755615836,0.6361996767980128,False,computed_after_attribution,
2026-01-29,FAC_000,transitional_care,12,2,2,158.38,21.72,0.16666666666666666,0.10075960869509297,0.17093617408315487,0.6135681309445575,False,computed_after_attribution,
2026-01-30,FAC_000,acute_medicine,27,2,3,137.26,21.02,0.07407407407407407,0.0909283462614665,0.15220727827312347,0.5475501810808369,False,computed_after_attribution,
2026-01-30,FAC_000,cardiac,11,3,3,113.7,20.95,0.2727272727272727,0.1065108944971108,0.1650653121906682,0.6017068310691154,False,computed_after_attribution,
2026-01-30,FAC_000,orthopedics,9,2,2,142.77,16.224999999999998,0.2222222222222222,0.09733847824704711,0.15699888285137892,0.5683351268011838,False,computed_after_attribution,
2026-01-30,FAC_000,respiratory,29,3,3,138.16,17.98,0.10344827586206896,0.09826621969127736,0.15813415999260208,0.5726686996690836,False,computed_after_attribution,
2026-01-30,FAC_000,surgical,20,4,4,117.245,20.97,0.2,0.10158540412953772,0.17820475755615836,0.6361996767980128,False,computed_after_attribution,
2026-01-30,FAC_000,transitional_care,16,1,1,176.425,24.17,0.0625,0.10075960869509297,0.17093617408315487,0.6135681309445575,False,computed_after_attribution,
2026-01-31,FAC_000,acute_medicine,27,1,0,129.12,16.79,0.037037037037037035,0.0909283462614665,0.15220727827312347,0.5475501810808369,False,computed_after_attribution,
2026-01-31,FAC_000,cardiac,9,0,0,111.69,20.89,0.0,0.1065108944971108,0.1650653121906682,0.6017068310691154,False,computed_after_attribution,
2026-01-31,FAC_000,orthopedics,18,2,0,143.985,16.74,0.1111111111111111,0.09733847824704711,0.15699888285137892,0.5683351268011838,False,computed_after_attribution,
2026-01-31,FAC_000,respiratory,15,0,0,134.67,18.740000000000002,0.0,0.09826621969127736,0.15813415999260208,0.5726686996690836,False,computed_after_attribution,
2026-01-31,FAC_000,surgical,18,2,1,115.60499999999999,16.28,0.1111111111111111,0.10158540412953772,0.17820475755615836,0.6361996767980128,False,computed_after_attribution,
2026-01-31,FAC_000,transitional_care,12,0,0,175.14999999999998,22.485,0.0,0.10075960869509297,0.17093617408315487,0.6135681309445575,False,computed_after_attribution,
2026-02-01,FAC_000,acute_medicine,27,2,3,129.73,15.71,0.07407407407407407,0.0909283462614665,0.15220727827312347,0.5475501810808369,False,computed_after_attribution,
2026-02-01,FAC_000,cardiac,8,2,0,123.105,25.795,0.25,0.1065108944971108,0.1650653121906682,0.6017068310691154,False,computed_after_attribution,
2026-02-01,FAC_000,orthopedics,10,0,0,139.075,21.78,0.0,0.09733847824704711,0.15699888285137892,0.5683351268011838,False,computed_after_attribution,
2026-02-01,FAC_000,respiratory,15,1,1,136.35,16.695,0.06666666666666667,0.09826621969127736,0.15813415999260208,0.5726686996690836,False,computed_after_attribution,
2026-02-01,FAC_000,surgical,16,0,1,115.305,20.314999999999998,0.0,0.10158540412953772,0.17820475755615836,0.6361996767980128,False,computed_after_attribution,
2026-02-01,FAC_000,transitional_care,16,2,2,168.01999999999998,21.47,0.125,0.10075960869509297,0.17093617408315487,0.6135681309445575,False,computed_after_attribution,
2026-02-02,FAC_000,acute_medicine,31,2,2,131.81,21.02,0.06451612903225806,0.0909283462614665,0.15220727827312347,0.5475501810808369,False,computed_after_attribution,
2026-02-02,FAC_000,cardiac,14,0,0,101.315,20.51,0.0,0.1065108944971108,0.1650653121906682,0.6017068310691154,False,computed_after_attribution,
2026-02-02,FAC_000,orthopedics,14,0,0,130.875,13.67,0.0,0.09733847824704711,0.15699888285137892,0.5683351268011838,False,computed_after_attribution,
2026-02-02,FAC_000,respiratory,31,0,0,138.34,18.15,0.0,0.09826621969127736,0.15813415999260208,0.5726686996690836,False,computed_after_attribution,
2026-02-02,FAC_000,surgical,17,1,0,116.14,17.35,0.058823529411764705,0.10158540412953772,0.17820475755615836,0.6361996767980128,False,computed_after_attribution,
2026-02-02,FAC_000,transitional_care,13,0,1,158.14,16.58,0.0,0.10075960869509297,0.17093617408315487,0.6135681309445575,False,computed_after_attribution,
2026-02-03,FAC_000,acute_medicine,37,1,1,126.85,16.58,0.02702702702702703,0.0909283462614665,0.15220727827312347,0.5475501810808369,False,computed_after_attribution,
2026-02-03,FAC_000,cardiac,11,0,0,113.63,21.619999999999997,0.0,0.1065108944971108,0.1650653121906682,0.6017068310691154,False,computed_after_attribution,
2026-02-03,FAC_000,orthopedics,12,1,1,143.025,23.405,0.08333333333333333,0.09733847824704711,0.15699888285137892,0.5683351268011838,False,computed_after_attribution,
2026-02-03,FAC_000,respiratory,19,1,1,130.79,15.85,0.05263157894736842,0.09826621969127736,0.15813415999260208,0.5726686996690836,False,computed_after_attribution,
2026-02-03,FAC_000,surgical,23,1,1,112.18,20.63,0.043478260869565216,0.10158540412953772,0.17820475755615836,0.6361996767980128,False,computed_after_attribution,
2026-02-03,FAC_000,transitional_care,9,1,0,164.93,21.82,0.1111111111111111,0.10075960869509297,0.17093617408315487,0.6135681309445575,False,computed_after_attribution,
2026-02-04,FAC_000,acute_medicine,29,3,3,127.19,14.65,0.10344827586206896,0.0909283462614665,0.15220727827312347,0.5475501810808369,False,computed_after_attribution,
2026-02-04,FAC_000,cardiac,13,1,1,105.34,23.81,0.07692307692307693,0.1065108944971108,0.1650653121906682,0.6017068310691154,False,computed_after_attribution,
2026-02-04,FAC_000,orthopedics,10,1,1,141.11,19.685,0.1,0.09733847824704711,0.15699888285137892,0.5683351268011838,False,computed_after_attribution,
2026-02-04,FAC_000,respiratory,17,2,2,133.57,25.55,0.11764705882352941,0.09826621969127736,0.15813415999260208,0.5726686996690836,False,computed_after_attribution,
2026-02-04,FAC_000,surgical,22,1,1,113.625,17.365000000000002,0.045454545454545456,0.10158540412953772,0.17820475755615836,0.6361996767980128,False,computed_after_attribution,
2026-02-04,FAC_000,transitional_care,19,3,4,176.69,24.025,0.15789473684210525,0.10075960869509297,0.17093617408315487,0.6135681309445575,False,computed_after_attribution,
2026-02-05,FAC_000,acute_medicine,38,6,5,137.03,19.674999999999997,0.15789473684210525,0.0909283462614665,0.15220727827312347,0.5475501810808369,False,computed_after_attribution,
2026-02-05,FAC_000,cardiac,10,3,3,117.545,28.205,0.3,0.1065108944971108,0.1650653121906682,0.6017068310691154,False,computed_after_attribution,
2026-02-05,FAC_000,orthopedics,18,1,2,141.685,16.27,0.05555555555555555,0.09733847824704711,0.15699888285137892,0.5683351268011838,False,computed_after_attribution,
2026-02-05,FAC_000,respiratory,20,5,3,140.91,24.060000000000002,0.25,0.09826621969127736,0.15813415999260208,0.5726686996690836,False,computed_after_attribution,
2026-02-05,FAC_000,surgical,16,3,3,116.69,18.51,0.1875,0.10158540412953772,0.17820475755615836,0.6361996767980128,False,computed_after_attribution,
2026-02-05,FAC_000,transitional_care,20,5,5,175.09,26.05,0.25,0.10075960869509297,0.17093617408315487,0.6135681309445575,False,computed_after_attribution,
2026-02-06,FAC_000,acute_medicine,38,2,3,131.85500000000002,17.11,0.05263157894736842,0.0909283462614665,0.15220727827312347,0.5475501810808369,False,computed_after_attribution,
2026-02-06,FAC_000,cardiac,12,3,2,113.065,19.475,0.25,0.1065108944971108,0.1650653121906682,0.6017068310691154,False,computed_after_attribution,
2026-02-06,FAC_000,orthopedics,13,4,2,159.76,20.52,0.3076923076923077,0.09733847824704711,0.15699888285137892,0.5683351268011838,False,computed_after_attribution,
2026-02-06,FAC_000,respiratory,24,2,2,133.76,21.755000000000003,0.08333333333333333,0.09826621969127736,0.15813415999260208,0.5726686996690836,False,computed_after_attribution,
2026-02-06,FAC_000,surgical,16,1,2,110.575,21.39,0.0625,0.10158540412953772,0.17820475755615836,0.6361996767980128,False,computed_after_attribution,
2026-02-06,FAC_000,transitional_care,11,2,1,174.37,19.36,0.18181818181818182,0.10075960869509297,0.17093617408315487,0.6135681309445575,False,computed_after_attribution,
2026-02-07,FAC_000,acute_medicine,31,2,1,129.38,17.95,0.06451612903225806,0.0909283462614665,0.15220727827312347,0.5475501810808369,False,computed_after_attribution,
2026-02-07,FAC_000,cardiac,13,0,0,118.17,17.68,0.0,0.1065108944971108,0.1650653121906682,0.6017068310691154,False,computed_after_attribution,
2026-02-07,FAC_000,orthopedics,7,0,1,140.64,17.21,0.0,0.09733847824704711,0.15699888285137892,0.5683351268011838,False,computed_after_attribution,
2026-02-07,FAC_000,respiratory,14,0,0,126.82,15.425,0.0,0.09826621969127736,0.15813415999260208,0.5726686996690836,False,computed_after_attribution,
2026-02-07,FAC_000,surgical,16,1,3,120.955,23.35,0.0625,0.10158540412953772,0.17820475755615836,0.6361996767980128,False,computed_after_attribution,
2026-02-07,FAC_000,transitional_care,16,0,0,161.47500000000002,20.57,0.0,0.10075960869509297,0.17093617408315487,0.6135681309445575,False,computed_after_attribution,
2026-02-08,FAC_000,acute_medicine,28,0,1,127.675,16.759999999999998,0.0,0.0909283462614665,0.15220727827312347,0.5475501810808369,False,computed_after_attribution,
2026-02-08,FAC_000,cardiac,11,0,1,115.01,15.7,0.0,0.1065108944971108,0.1650653121906682,0.6017068310691154,False,computed_after_attribution,
2026-02-08,FAC_000,orthopedics,14,1,2,143.185,18.055,0.07142857142857142,0.09733847824704711,0.15699888285137892,0.5683351268011838,False,computed_after_attribution,
2026-02-08,FAC_000,respiratory,11,0,0,136.22,19.3,0.0,0.09826621969127736,0.15813415999260208,0.5726686996690836,False,computed_after_attribution,
2026-02-08,FAC_000,surgical,18,1,1,112.695,15.74,0.05555555555555555,0.10158540412953772,0.17820475755615836,0.6361996767980128,False,computed_after_attribution,
2026-02-08,FAC_000,transitional_care,16,1,1,169.655,25.174999999999997,0.0625,0.10075960869509297,0.17093617408315487,0.6135681309445575,False,computed_after_attribution,
2026-02-09,FAC_000,acute_medicine,34,3,2,127.58,16.89,0.08823529411764706,0.0909283462614665,0.15220727827312347,0.5475501810808369,False,computed_after_attribution,
2026-02-09,FAC_000,cardiac,17,1,1,101.26,17.045,0.058823529411764705,0.1065108944971108,0.1650653121906682,0.6017068310691154,False,computed_after_attribution,
2026-02-09,FAC_000,orthopedics,12,0,1,148.66,18.77,0.0,0.09733847824704711,0.15699888285137892,0.5683351268011838,False,computed_after_attribution,
2026-02-09,FAC_000,respiratory,24,4,1,134.70499999999998,21.08,0.16666666666666666,0.09826621969127736,0.15813415999260208,0.5726686996690836,False,computed_after_attribution,
2026-02-09,FAC_000,surgical,15,0,2,119.88,20.884999999999998,0.0,0.10158540412953772,0.17820475755615836,0.6361996767980128,False,computed_after_attribution,
2026-02-09,FAC_000,transitional_care,10,0,0,162.19,18.9,0.0,0.10075960869509297,0.17093617408315487,0.6135681309445575,False,computed_after_attribution,
2026-02-10,FAC_000,acute_medicine,24,2,2,125.08,19.505000000000003,0.08333333333333333,0.0909283462614665,0.15220727827312347,0.5475501810808369,False,computed_after_attribution,
2026-02-10,FAC_000,cardiac,10,1,0,109.465,17.38,0.1,0.1065108944971108,0.1650653121906682,0.6017068310691154,False,computed_after_attribution,
2026-02-10,FAC_000,orthopedics,17,2,3,144.85,22.64,0.11764705882352941,0.09733847824704711,0.15699888285137892,0.5683351268011838,False,computed_after_attribution,
2026-02-10,FAC_000,respiratory,23,1,0,138.96,20.4,0.043478260869565216,0.09826621969127736,0.15813415999260208,0.5726686996690836,False,computed_after_attribution,
2026-02-10,FAC_000,surgical,18,0,1,109.675,19.54,0.0,0.10158540412953772,0.17820475755615836,0.6361996767980128,False,computed_after_attribution,
2026-02-10,FAC_000,transitional_care,20,3,3,163.555,16.83,0.15,0.10075960869509297,0.17093617408315487,0.6135681309445575,False,computed_after_attribution,
2026-02-11,FAC_000,acute_medicine,27,4,4,131.43,14.98,0.14814814814814814,0.0909283462614665,0.15220727827312347,0.5475501810808369,False,computed_after_attribution,
2026-02-11,FAC_000,cardiac,14,0,0,104.39,17.045,0.0,0.1065108944971108,0.1650653121906682,0.6017068310691154,False,computed_after_attribution,
2026-02-11,FAC_000,orthopedics,17,3,3,136.61,17.560000000000002,0.17647058823529413,0.09733847824704711,0.15699888285137892,0.5683351268011838,False,computed_after_attribution,
2026-02-11,FAC_000,respiratory,26,3,2,135.45,15.530000000000001,0.11538461538461539,0.09826621969127736,0.15813415999260208,0.5726686996690836,False,computed_after_attribution,
2026-02-11,FAC_000,surgical,23,2,3,114.63,22.42,0.08695652173913043,0.10158540412953772,0.17820475755615836,0.6361996767980128,False,computed_after_attribution,
2026-02-11,FAC_000,transitional_care,18,2,2,169.675,18.34,0.1111111111111111,0.10075960869509297,0.17093617408315487,0.6135681309445575,False,computed_after_attribution,
2026-02-12,FAC_000,acute_medicine,15,4,4,154.34,21.23,0.26666666666666666,0.0909283462614665,0.15220727827312347,0.5475501810808369,False,computed_after_attribution,
2026-02-12,FAC_000,cardiac,20,1,1,106.405,15.64,0.05,0.1065108944971108,0.1650653121906682,0.6017068310691154,False,computed_after_attribution,
2026-02-12,FAC_000,orthopedics,12,1,1,138.525,18.25,0.08333333333333333,0.09733847824704711,0.15699888285137892,0.5683351268011838,False,computed_after_attribution,
2026-02-12,FAC_000,respiratory,26,2,2,126.44,18.22,0.07692307692307693,0.09826621969127736,0.15813415999260208,0.5726686996690836,False,computed_after_attribution,
2026-02-12,FAC_000,surgical,25,4,3,118.84,21.305,0.16,0.10158540412953772,0.17820475755615836,0.6361996767980128,False,computed_after_attribution,
2026-02-12,FAC_000,transitional_care,21,1,2,161.01,17.11,0.047619047619047616,0.10075960869509297,0.17093617408315487,0.6135681309445575,False,computed_after_attribution,
2026-02-13,FAC_000,acute_medicine,26,3,2,123.655,19.24,0.11538461538461539,0.0909283462614665,0.15220727827312347,0.5475501810808369,False,computed_after_attribution,
2026-02-13,FAC_000,cardiac,8,2,1,117.6,20.55,0.25,0.1065108944971108,0.1650653121906682,0.6017068310691154,False,computed_after_attribution,
2026-02-13,FAC_000,orthopedics,21,0,1,143.33,19.29,0.0,0.09733847824704711,0.15699888285137892,0.5683351268011838,False,computed_after_attribution,
2026-02-13,FAC_000,respiratory,16,1,1,130.445,17.29,0.0625,0.09826621969127736,0.15813415999260208,0.5726686996690836,False,computed_after_attribution,
2026-02-13,FAC_000,surgical,24,6,4,119.285,21.56,0.25,0.10158540412953772,0.17820475755615836,0.6361996767980128,False,computed_after_attribution,
2026-02-13,FAC_000,transitional_care,19,2,3,160.69,18.53,0.10526315789473684,0.10075960869509297,0.17093617408315487,0.6135681309445575,False,computed_after_attribution,
2026-02-14,FAC_000,acute_medicine,26,6,4,131.685,21.51,0.23076923076923078,0.0909283462614665,0.15220727827312347,0.5475501810808369,False,computed_after_attribution,
2026-02-14,FAC_000,cardiac,12,0,0,109.125,21.755000000000003,0.0,0.1065108944971108,0.1650653121906682,0.6017068310691154,False,computed_after_attribution,
2026-02-14,FAC_000,orthopedics,12,1,1,137.66,15.425,0.08333333333333333,0.09733847824704711,0.15699888285137892,0.5683351268011838,False,computed_after_attribution,
2026-02-14,FAC_000,respiratory,18,3,2,125.91,16.189999999999998,0.16666666666666666,0.09826621969127736,0.15813415999260208,0.5726686996690836,False,computed_after_attribution,
2026-02-14,FAC_000,surgical,13,0,0,107.86,16.1,0.0,0.10158540412953772,0.17820475755615836,0.6361996767980128,False,computed_after_attribution,
2026-02-14,FAC_000,transitional_care,12,1,1,168.45499999999998,18.54,0.08333333333333333,0.10075960869509297,0.17093617408315487,0.6135681309445575,False,computed_after_attribution,
2026-02-15,FAC_000,acute_medicine,28,2,1,125.78,17.7,0.07142857142857142,0.0909283462614665,0.15220727827312347,0.5475501810808369,False,computed_after_attribution,
2026-02-15,FAC_000,cardiac,4,1,1,108.99,20.28,0.25,0.1065108944971108,0.1650653121906682,0.6017068310691154,False,computed_after_attribution,
2026-02-15,FAC_000,orthopedics,6,2,0,134.555,13.635000000000002,0.3333333333333333,0.09733847824704711,0.15699888285137892,0.5683351268011838,False,computed_after_attribution,
2026-02-15,FAC_000,respiratory,19,3,4,145.33,25.27,0.15789473684210525,0.09826621969127736,0.15813415999260208,0.5726686996690836,False,computed_after_attribution,
2026-02-15,FAC_000,surgical,17,1,0,117.85,17.67,0.058823529411764705,0.10158540412953772,0.17820475755615836,0.6361996767980128,False,computed_after_attribution,
2026-02-15,FAC_000,transitional_care,21,1,1,168.38,18.98,0.047619047619047616,0.10075960869509297,0.17093617408315487,0.6135681309445575,False,computed_after_attribution,
2026-02-16,FAC_000,acute_medicine,31,0,1,130.06,21.51,0.0,0.0909283462614665,0.15220727827312347,0.5475501810808369,False,computed_after_attribution,
2026-02-16,FAC_000,cardiac,12,0,0,99.82,16.88,0.0,0.1065108944971108,0.1650653121906682,0.6017068310691154,False,computed_after_attribution,
2026-02-16,FAC_000,orthopedics,10,0,0,158.155,18.785,0.0,0.09733847824704711,0.15699888285137892,0.5683351268011838,False,computed_after_attribution,
2026-02-16,FAC_000,respiratory,29,0,1,129.68,19.4,0.0,0.09826621969127736,0.15813415999260208,0.5726686996690836,False,computed_after_attribution,
2026-02-16,FAC_000,surgical,19,2,3,127.48,23.02,0.10526315789473684,0.10158540412953772,0.17820475755615836,0.6361996767980128,False,computed_after_attribution,
2026-02-16,FAC_000,transitional_care,22,0,1,158.66,14.015,0.0,0.10075960869509297,0.17093617408315487,0.6135681309445575,False,computed_after_attribution,
2026-02-17,FAC_000,acute_medicine,32,4,3,127.79499999999999,17.695,0.125,0.0909283462614665,0.15220727827312347,0.5475501810808369,False,computed_after_attribution,
2026-02-17,FAC_000,cardiac,14,0,0,101.72,17.765,0.0,0.1065108944971108,0.1650653121906682,0.6017068310691154,False,computed_after_attribution,
2026-02-17,FAC_000,orthopedics,18,2,2,146.105,17.465,0.1111111111111111,0.09733847824704711,0.15699888285137892,0.5683351268011838,False,computed_after_attribution,
2026-02-17,FAC_000,respiratory,21,4,2,137.69,20.57,0.19047619047619047,0.09826621969127736,0.15813415999260208,0.5726686996690836,False,computed_after_attribution,
2026-02-17,FAC_000,surgical,13,0,0,128.0,21.34,0.0,0.10158540412953772,0.17820475755615836,0.6361996767980128,False,computed_after_attribution,
2026-02-17,FAC_000,transitional_care,21,1,1,167.62,16.85,0.047619047619047616,0.10075960869509297,0.17093617408315487,0.6135681309445575,False,computed_after_attribution,
2026-02-18,FAC_000,acute_medicine,24,1,2,126.705,17.355,0.041666666666666664,0.0909283462614665,0.15220727827312347,0.5475501810808369,False,computed_after_attribution,
2026-02-18,FAC_000,cardiac,14,1,1,102.53,14.55,0.07142857142857142,0.1065108944971108,0.1650653121906682,0.6017068310691154,False,computed_after_attribution,
2026-02-18,FAC_000,orthopedics,15,2,2,146.94,16.51,0.13333333333333333,0.09733847824704711,0.15699888285137892,0.5683351268011838,False,computed_after_attribution,
2026-02-18,FAC_000,respiratory,25,0,0,135.91,16.365000000000002,0.0,0.09826621969127736,0.15813415999260208,0.5726686996690836,False,computed_after_attribution,
2026-02-18,FAC_000,surgical,17,2,2,123.95,21.49,0.11764705882352941,0.10158540412953772,0.17820475755615836,0.6361996767980128,False,computed_after_attribution,
2026-02-18,FAC_000,transitional_care,17,1,1,161.08,16.369999999999997,0.058823529411764705,0.10075960869509297,0.17093617408315487,0.6135681309445575,False,computed_after_attribution,
2026-02-19,FAC_000,acute_medicine,27,1,1,129.1,16.49,0.037037037037037035,0.0909283462614665,0.15220727827312347,0.5475501810808369,False,computed_after_attribution,
2026-02-19,FAC_000,cardiac,16,3,1,108.47,14.83,0.1875,0.1065108944971108,0.1650653121906682,0.6017068310691154,False,computed_after_attribution,
2026-02-19,FAC_000,orthopedics,20,4,3,145.14,15.89,0.2,0.09733847824704711,0.15699888285137892,0.5683351268011838,False,computed_after_attribution,
2026-02-19,FAC_000,respiratory,22,2,2,137.09,17.56,0.09090909090909091,0.09826621969127736,0.15813415999260208,0.5726686996690836,False,computed_after_attribution,
2026-02-19,FAC_000,surgical,26,0,0,113.85499999999999,14.524999999999999,0.0,0.10158540412953772,0.17820475755615836,0.6361996767980128,False,computed_after_attribution,
2026-02-19,FAC_000,transitional_care,18,2,2,168.32999999999998,13.5,0.1111111111111111,0.10075960869509297,0.17093617408315487,0.6135681309445575,False,computed_after_attribution,
2026-02-20,FAC_000,acute_medicine,30,0,1,125.39,17.89,0.0,0.0909283462614665,0.15220727827312347,0.5475501810808369,False,computed_after_attribution,
2026-02-20,FAC_000,cardiac,14,0,0,101.505,19.57,0.0,0.1065108944971108,0.1650653121906682,0.6017068310691154,False,computed_after_attribution,
2026-02-20,FAC_000,orthopedics,19,4,2,145.06,20.655,0.21052631578947367,0.09733847824704711,0.15699888285137892,0.5683351268011838,False,computed_after_attribution,
2026-02-20,FAC_000,respiratory,17,2,1,132.6,20.46,0.11764705882352941,0.09826621969127736,0.15813415999260208,0.5726686996690836,False,computed_after_attribution,
2026-02-20,FAC_000,surgical,14,2,2,115.9,18.095,0.14285714285714285,0.10158540412953772,0.17820475755615836,0.6361996767980128,False,computed_after_attribution,
2026-02-20,FAC_000,transitional_care,20,1,1,161.32,17.695,0.05,0.10075960869509297,0.17093617408315487,0.6135681309445575,False,computed_after_attribution,
2026-02-21,FAC_000,acute_medicine,23,3,3,134.11,18.73,0.13043478260869565,0.0909283462614665,0.15220727827312347,0.5475501810808369,False,computed_after_attribution,
2026-02-21,FAC_000,cardiac,4,0,0,107.80000000000001,24.355,0.0,0.1065108944971108,0.1650653121906682,0.6017068310691154,False,computed_after_attribution,
2026-02-21,FAC_000,orthopedics,9,0,1,137.41,15.2,0.0,0.09733847824704711,0.15699888285137892,0.5683351268011838,False,computed_after_attribution,
2026-02-21,FAC_000,respiratory,15,1,0,137.29,19.09,0.06666666666666667,0.09826621969127736,0.15813415999260208,0.5726686996690836,False,computed_after_attribution,
2026-02-21,FAC_000,surgical,16,0,0,110.895,15.31,0.0,0.10158540412953772,0.17820475755615836,0.6361996767980128,False,computed_after_attribution,
2026-02-21,FAC_000,transitional_care,10,1,1,165.10500000000002,17.025,0.1,0.10075960869509297,0.17093617408315487,0.6135681309445575,False,computed_after_attribution,
2026-02-22,FAC_000,acute_medicine,29,0,1,124.45,15.68,0.0,0.0909283462614665,0.15220727827312347,0.5475501810808369,False,computed_after_attribution,
2026-02-22,FAC_000,cardiac,9,1,0,101.14,18.365000000000002,0.1111111111111111,0.1065108944971108,0.1650653121906682,0.6017068310691154,False,computed_after_attribution,
2026-02-22,FAC_000,orthopedics,18,1,1,144.07,14.43,0.05555555555555555,0.09733847824704711,0.15699888285137892,0.5683351268011838,False,computed_after_attribution,
2026-02-22,FAC_000,respiratory,24,3,2,133.87,17.61,0.125,0.09826621969127736,0.15813415999260208,0.5726686996690836,False,computed_after_attribution,
2026-02-22,FAC_000,surgical,15,2,0,112.58,14.55,0.13333333333333333,0.10158540412953772,0.17820475755615836,0.6361996767980128,False,computed_after_attribution,
2026-02-22,FAC_000,transitional_care,14,0,0,164.895,17.07,0.0,0.10075960869509297,0.17093617408315487,0.6135681309445575,False,computed_after_attribution,
2026-02-23,FAC_000,acute_medicine,29,1,1,123.22,17.1,0.034482758620689655,0.0909283462614665,0.15220727827312347,0.5475501810808369,False,computed_after_attribution,
2026-02-23,FAC_000,cardiac,9,2,2,116.67,24.36,0.2222222222222222,0.1065108944971108,0.1650653121906682,0.6017068310691154,False,computed_after_attribution,
2026-02-23,FAC_000,orthopedics,15,0,1,144.93,16.83,0.0,0.09733847824704711,0.15699888285137892,0.5683351268011838,False,computed_after_attribution,
2026-02-23,FAC_000,respiratory,12,0,0,132.51,21.41,0.0,0.09826621969127736,0.15813415999260208,0.5726686996690836,False,computed_after_attribution,
2026-02-23,FAC_000,surgical,20,0,0,106.485,13.07,0.0,0.10158540412953772,0.17820475755615836,0.6361996767980128,False,computed_after_attribution,
2026-02-23,FAC_000,transitional_care,16,2,3,166.245,22.49,0.125,0.10075960869509297,0.17093617408315487,0.6135681309445575,False,computed_after_attribution,
2026-02-24,FAC_000,acute_medicine,32,3,3,133.195,20.17,0.09375,0.0909283462614665,0.15220727827312347,0.5475501810808369,False,computed_after_attribution,
2026-02-24,FAC_000,cardiac,10,0,0,103.015,18.775,0.0,0.1065108944971108,0.1650653121906682,0.6017068310691154,False,computed_after_attribution,
2026-02-24,FAC_000,orthopedics,19,4,3,145.77,20.89,0.21052631578947367,0.09733847824704711,0.15699888285137892,0.5683351268011838,False,computed_after_attribution,
2026-02-24,FAC_000,respiratory,27,2,3,134.13,15.89,0.07407407407407407,0.09826621969127736,0.15813415999260208,0.5726686996690836,False,computed_after_attribution,
2026-02-24,FAC_000,surgical,14,0,0,110.94999999999999,15.99,0.0,0.10158540412953772,0.17820475755615836,0.6361996767980128,False,computed_after_attribution,
2026-02-24,FAC_000,transitional_care,15,0,0,162.24,21.2,0.0,0.10075960869509297,0.17093617408315487,0.6135681309445575,False,computed_after_attribution,
2026-02-25,FAC_000,acute_medicine,47,5,6,128.19,18.96,0.10638297872340426,0.0909283462614665,0.15220727827312347,0.5475501810808369,False,computed_after_attribution,
2026-02-25,FAC_000,cardiac,11,1,1,108.55,18.99,0.09090909090909091,0.1065108944971108,0.1650653121906682,0.6017068310691154,False,computed_after_attribution,
2026-02-25,FAC_000,orthopedics,16,4,3,154.04500000000002,21.425,0.25,0.09733847824704711,0.15699888285137892,0.5683351268011838,False,computed_after_attribution,
2026-02-25,FAC_000,respiratory,24,5,4,136.72500000000002,20.32,0.20833333333333334,0.09826621969127736,0.15813415999260208,0.5726686996690836,False,computed_after_attribution,
2026-02-25,FAC_000,surgical,18,2,1,112.445,16.98,0.1111111111111111,0.10158540412953772,0.17820475755615836,0.6361996767980128,False,computed_after_attribution,
2026-02-25,FAC_000,transitional_care,12,0,0,161.3,18.94,0.0,0.10075960869509297,0.17093617408315487,0.6135681309445575,False,computed_after_attribution,
2026-02-26,FAC_000,acute_medicine,34,6,5,122.445,17.19,0.17647058823529413,0.0909283462614665,0.15220727827312347,0.5475501810808369,False,computed_after_attribution,
2026-02-26,FAC_000,cardiac,11,2,1,112.82,21.38,0.18181818181818182,0.1065108944971108,0.1650653121906682,0.6017068310691154,False,computed_after_attribution,
2026-02-26,FAC_000,orthopedics,18,4,3,142.11,19.365000000000002,0.2222222222222222,0.09733847824704711,0.15699888285137892,0.5683351268011838,False,computed_after_attribution,
2026-02-26,FAC_000,respiratory,21,1,0,127.57,13.75,0.047619047619047616,0.09826621969127736,0.15813415999260208,0.5726686996690836,False,computed_after_attribution,
2026-02-26,FAC_000,surgical,24,4,5,121.535,22.98,0.16666666666666666,0.10158540412953772,0.17820475755615836,0.6361996767980128,False,computed_after_attribution,
2026-02-26,FAC_000,transitional_care,24,2,2,165.95999999999998,17.305,0.08333333333333333,0.10075960869509297,0.17093617408315487,0.6135681309445575,False,computed_after_attribution,
2026-02-27,FAC_000,acute_medicine,27,1,1,127.66,17.11,0.037037037037037035,0.0909283462614665,0.15220727827312347,0.5475501810808369,False,computed_after_attribution,
2026-02-27,FAC_000,cardiac,12,1,1,99.38499999999999,14.68,0.08333333333333333,0.1065108944971108,0.1650653121906682,0.6017068310691154,False,computed_after_attribution,
2026-02-27,FAC_000,orthopedics,14,0,0,133.31,16.795,0.0,0.09733847824704711,0.15699888285137892,0.5683351268011838,False,computed_after_attribution,
2026-02-27,FAC_000,respiratory,21,0,1,139.05,15.1,0.0,0.09826621969127736,0.15813415999260208,0.5726686996690836,False,computed_after_attribution,
2026-02-27,FAC_000,surgical,20,1,0,110.095,17.49,0.05,0.10158540412953772,0.17820475755615836,0.6361996767980128,False,computed_after_attribution,
2026-02-27,FAC_000,transitional_care,10,2,3,167.26999999999998,20.22,0.2,0.10075960869509297,0.17093617408315487,0.6135681309445575,False,computed_after_attribution,
2026-02-28,FAC_000,acute_medicine,20,1,1,120.14500000000001,16.64,0.05,0.0909283462614665,0.15220727827312347,0.5475501810808369,False,computed_after_attribution,
2026-02-28,FAC_000,cardiac,9,1,0,125.17,16.82,0.1111111111111111,0.1065108944971108,0.1650653121906682,0.6017068310691154,False,computed_after_attribution,
2026-02-28,FAC_000,orthopedics,14,2,1,136.435,23.85,0.14285714285714285,0.09733847824704711,0.15699888285137892,0.5683351268011838,False,computed_after_attribution,
2026-02-28,FAC_000,respiratory,21,0,0,125.26,16.87,0.0,0.09826621969127736,0.15813415999260208,0.5726686996690836,False,computed_after_attribution,
2026-02-28,FAC_000,surgical,10,1,1,112.79499999999999,17.155,0.1,0.10158540412953772,0.17820475755615836,0.6361996767980128,False,computed_after_attribution,
2026-02-28,FAC_000,transitional_care,14,0,0,164.16000000000003,14.809999999999999,0.0,0.10075960869509297,0.17093617408315487,0.6135681309445575,False,computed_after_attribution,
2026-03-01,FAC_000,acute_medicine,22,0,0,125.39,13.98,0.0,0.0909283462614665,0.15220727827312347,0.5475501810808369,False,computed_after_attribution,
2026-03-01,FAC_000,cardiac,11,2,0,104.06,15.14,0.18181818181818182,0.1065108944971108,0.1650653121906682,0.6017068310691154,False,computed_after_attribution,
2026-03-01,FAC_000,orthopedics,9,0,0,138.09,18.82,0.0,0.09733847824704711,0.15699888285137892,0.5683351268011838,False,computed_after_attribution,
2026-03-01,FAC_000,respiratory,20,1,1,129.9,19.16,0.05,0.09826621969127736,0.15813415999260208,0.5726686996690836,False,computed_after_attribution,
2026-03-01,FAC_000,surgical,17,1,1,120.82,14.785,0.058823529411764705,0.10158540412953772,0.17820475755615836,0.6361996767980128,False,computed_after_attribution,
2026-03-01,FAC_000,transitional_care,14,0,0,162.815,20.6,0.0,0.10075960869509297,0.17093617408315487,0.6135681309445575,False,computed_after_attribution,
2026-03-02,FAC_000,acute_medicine,30,1,1,127.51,15.49,0.03333333333333333,0.0909283462614665,0.15220727827312347,0.5475501810808369,False,computed_after_attribution,
2026-03-02,FAC_000,cardiac,9,0,0,107.67,16.44,0.0,0.1065108944971108,0.1650653121906682,0.6017068310691154,False,computed_after_attribution,
2026-03-02,FAC_000,orthopedics,12,0,1,153.36,14.605,0.0,0.09733847824704711,0.15699888285137892,0.5683351268011838,False,computed_after_attribution,
2026-03-02,FAC_000,respiratory,23,0,0,127.54,14.02,0.0,0.09826621969127736,0.15813415999260208,0.5726686996690836,False,computed_after_attribution,
2026-03-02,FAC_000,surgical,21,1,0,111.93,15.85,0.047619047619047616,0.10158540412953772,0.17820475755615836,0.6361996767980128,False,computed_after_attribution,
2026-03-02,FAC_000,transitional_care,20,1,2,157.87,16.58,0.05,0.10075960869509297,0.17093617408315487,0.6135681309445575,False,computed_after_attribution,
2026-03-03,FAC_000,acute_medicine,32,5,5,126.33500000000001,17.17,0.15625,0.0909283462614665,0.15220727827312347,0.5475501810808369,False,computed_after_attribution,
2026-03-03,FAC_000,cardiac,10,0,0,108.81,15.58,0.0,0.1065108944971108,0.1650653121906682,0.6017068310691154,False,computed_after_attribution,
2026-03-03,FAC_000,orthopedics,14,2,2,139.98000000000002,16.97,0.14285714285714285,0.09733847824704711,0.15699888285137892,0.5683351268011838,False,computed_after_attribution,
2026-03-03,FAC_000,respiratory,18,4,4,141.28,20.97,0.2222222222222222,0.09826621969127736,0.15813415999260208,0.5726686996690836,False,computed_after_attribution,
2026-03-03,FAC_000,surgical,19,3,3,119.04,18.43,0.15789473684210525,0.10158540412953772,0.17820475755615836,0.6361996767980128,False,computed_after_attribution,
2026-03-03,FAC_000,transitional_care,25,2,2,161.32,15.895,0.08,0.10075960869509297,0.17093617408315487,0.6135681309445575,False,computed_after_attribution,
2026-03-04,FAC_000,acute_medicine,39,6,6,135.23,17.84,0.15384615384615385,0.0909283462614665,0.15220727827312347,0.5475501810808369,False,computed_after_attribution,
2026-03-04,FAC_000,cardiac,22,1,0,106.91499999999999,16.689999999999998,0.045454545454545456,0.1065108944971108,0.1650653121906682,0.6017068310691154,False,computed_after_attribution,
2026-03-04,FAC_000,orthopedics,14,3,2,141.67000000000002,19.064999999999998,0.21428571428571427,0.09733847824704711,0.15699888285137892,0.5683351268011838,False,computed_after_attribution,
2026-03-04,FAC_000,respiratory,17,3,1,132.44,18.66,0.17647058823529413,0.09826621969127736,0.15813415999260208,0.5726686996690836,False,computed_after_attribution,
2026-03-04,FAC_000,surgical,18,1,0,108.41,13.84,0.05555555555555555,0.10158540412953772,0.17820475755615836,0.6361996767980128,False,computed_after_attribution,
2026-03-04,FAC_000,transitional_care,22,3,3,165.25,19.7,0.13636363636363635,0.10075960869509297,0.17093617408315487,0.6135681309445575,False,computed_after_attribution,
2026-03-05,FAC_000,acute_medicine,34,4,4,134.925,16.85,0.11764705882352941,0.0909283462614665,0.15220727827312347,0.5475501810808369,False,computed_after_attribution,
2026-03-05,FAC_000,cardiac,17,2,1,100.04,15.6,0.11764705882352941,0.1065108944971108,0.1650653121906682,0.6017068310691154,False,computed_after_attribution,
2026-03-05,FAC_000,orthopedics,8,1,1,143.925,16.88,0.125,0.09733847824704711,0.15699888285137892,0.5683351268011838,False,computed_after_attribution,
2026-03-05,FAC_000,respiratory,25,2,2,129.4,16.34,0.08,0.09826621969127736,0.15813415999260208,0.5726686996690836,False,computed_after_attribution,
2026-03-05,FAC_000,surgical,17,1,1,116.84,14.57,0.058823529411764705,0.10158540412953772,0.17820475755615836,0.6361996767980128,False,computed_after_attribution,
2026-03-05,FAC_000,transitional_care,15,2,2,163.81,18.35,0.13333333333333333,0.10075960869509297,0.17093617408315487,0.6135681309445575,False,computed_after_attribution,
2026-03-06,FAC_000,acute_medicine,31,1,1,127.14,17.89,0.03225806451612903,0.0909283462614665,0.15220727827312347,0.5475501810808369,False,computed_after_attribution,
2026-03-06,FAC_000,cardiac,16,1,1,100.67,13.615,0.0625,0.1065108944971108,0.1650653121906682,0.6017068310691154,False,computed_after_attribution,
2026-03-06,FAC_000,orthopedics,11,0,2,141.93,19.939999999999998,0.0,0.09733847824704711,0.15699888285137892,0.5683351268011838,False,computed_after_attribution,
2026-03-06,FAC_000,respiratory,20,3,2,130.075,18.3,0.15,0.09826621969127736,0.15813415999260208,0.5726686996690836,False,computed_after_attribution,
2026-03-06,FAC_000,surgical,17,0,0,119.98,17.64,0.0,0.10158540412953772,0.17820475755615836,0.6361996767980128,False,computed_after_attribution,
2026-03-06,FAC_000,transitional_care,23,1,0,162.54,19.009999999999998,0.043478260869565216,0.10075960869509297,0.17093617408315487,0.6135681309445575,False,computed_after_attribution,
2026-03-07,FAC_000,acute_medicine,26,1,2,121.945,13.969999999999999,0.038461538461538464,0.0909283462614665,0.15220727827312347,0.5475501810808369,False,computed_after_attribution,
2026-03-07,FAC_000,cardiac,11,1,1,107.63,14.58,0.09090909090909091,0.1065108944971108,0.1650653121906682,0.6017068310691154,False,computed_after_attribution,
2026-03-07,FAC_000,orthopedics,16,0,0,139.565,15.17,0.0,0.09733847824704711,0.15699888285137892,0.5683351268011838,False,computed_after_attribution,
2026-03-07,FAC_000,respiratory,13,1,0,129.92,16.66,0.07692307692307693,0.09826621969127736,0.15813415999260208,0.5726686996690836,False,computed_after_attribution,
2026-03-07,FAC_000,surgical,21,2,2,112.29,14.04,0.09523809523809523,0.10158540412953772,0.17820475755615836,0.6361996767980128,False,computed_after_attribution,
2026-03-07,FAC_000,transitional_care,14,1,1,166.405,12.780000000000001,0.07142857142857142,0.10075960869509297,0.17093617408315487,0.6135681309445575,False,computed_after_attribution,
2026-03-08,FAC_000,acute_medicine,23,0,0,123.21,16.29,0.0,0.0909283462614665,0.15220727827312347,0.5475501810808369,False,computed_after_attribution,
2026-03-08,FAC_000,cardiac,12,0,0,104.18,14.04,0.0,0.1065108944971108,0.1650653121906682,0.6017068310691154,False,computed_after_attribution,
2026-03-08,FAC_000,orthopedics,11,0,0,150.43,16.605,0.0,0.09733847824704711,0.15699888285137892,0.5683351268011838,False,computed_after_attribution,
2026-03-08,FAC_000,respiratory,20,0,0,132.015,16.25,0.0,0.09826621969127736,0.15813415999260208,0.5726686996690836,False,computed_after_attribution,
2026-03-08,FAC_000,surgical,12,1,0,115.525,14.225000000000001,0.08333333333333333,0.10158540412953772,0.17820475755615836,0.6361996767980128,False,computed_after_attribution,
2026-03-08,FAC_000,transitional_care,16,2,0,165.04,16.77,0.125,0.10075960869509297,0.17093617408315487,0.6135681309445575,False,computed_after_attribution,
2026-03-09,FAC_000,acute_medicine,22,1,1,129.97,17.44,0.045454545454545456,0.0909283462614665,0.15220727827312347,0.5475501810808369,False,computed_after_attribution,
2026-03-09,FAC_000,cardiac,19,2,0,109.89,15.31,0.10526315789473684,0.1065108944971108,0.1650653121906682,0.6017068310691154,False,computed_after_attribution,
2026-03-09,FAC_000,orthopedics,11,2,2,137.23,17.25,0.18181818181818182,0.09733847824704711,0.15699888285137892,0.5683351268011838,False,computed_after_attribution,
2026-03-09,FAC_000,respiratory,28,1,1,128.135,14.38,0.03571428571428571,0.09826621969127736,0.15813415999260208,0.5726686996690836,False,computed_after_attribution,
2026-03-09,FAC_000,surgical,15,0,1,109.46,17.93,0.0,0.10158540412953772,0.17820475755615836,0.6361996767980128,False,computed_after_attribution,
2026-03-09,FAC_000,transitional_care,14,1,1,163.55,18.685000000000002,0.07142857142857142,0.10075960869509297,0.17093617408315487,0.6135681309445575,False,computed_after_attribution,
2026-03-10,FAC_000,acute_medicine,33,4,5,123.11,15.614999999999998,0.12121212121212122,0.0909283462614665,0.15220727827312347,0.5475501810808369,False,computed_after_attribution,
2026-03-10,FAC_000,cardiac,13,3,2,109.33,23.49,0.23076923076923078,0.1065108944971108,0.1650653121906682,0.6017068310691154,False,computed_after_attribution,
2026-03-10,FAC_000,orthopedics,10,0,0,146.66,21.235,0.0,0.09733847824704711,0.15699888285137892,0.5683351268011838,False,computed_after_attribution,
2026-03-10,FAC_000,respiratory,20,0,0,128.42000000000002,15.645,0.0,0.09826621969127736,0.15813415999260208,0.5726686996690836,False,computed_after_attribution,
2026-03-10,FAC_000,surgical,14,4,4,116.85499999999999,21.51,0.2857142857142857,0.10158540412953772,0.17820475755615836,0.6361996767980128,False,computed_after_attribution,
2026-03-10,FAC_000,transitional_care,19,3,4,164.26,14.21,0.15789473684210525,0.10075960869509297,0.17093617408315487,0.6135681309445575,False,computed_after_attribution,
2026-03-11,FAC_000,acute_medicine,41,3,3,121.8,16.5,0.07317073170731707,0.0909283462614665,0.15220727827312347,0.5475501810808369,False,computed_after_attribution,
2026-03-11,FAC_000,cardiac,15,1,1,107.13,20.73,0.06666666666666667,0.1065108944971108,0.1650653121906682,0.6017068310691154,False,computed_after_attribution,
2026-03-11,FAC_000,orthopedics,14,0,0,136.27499999999998,18.83,0.0,0.09733847824704711,0.15699888285137892,0.5683351268011838,False,computed_after_attribution,
2026-03-11,FAC_000,respiratory,21,1,2,130.3,13.795,0.047619047619047616,0.09826621969127736,0.15813415999260208,0.5726686996690836,False,computed_after_attribution,
2026-03-11,FAC_000,surgical,15,0,0,113.5,17.51,0.0,0.10158540412953772,0.17820475755615836,0.6361996767980128,False,computed_after_attribution,
2026-03-11,FAC_000,transitional_care,22,2,1,164.25,16.71,0.09090909090909091,0.10075960869509297,0.17093617408315487,0.6135681309445575,False,computed_after_attribution,
2026-03-12,FAC_000,acute_medicine,28,4,3,130.415,17.27,0.14285714285714285,0.0909283462614665,0.15220727827312347,0.5475501810808369,False,computed_after_attribution,
2026-03-12,FAC_000,cardiac,12,1,1,108.735,15.92,0.08333333333333333,0.1065108944971108,0.1650653121906682,0.6017068310691154,False,computed_after_attribution,
2026-03-12,FAC_000,orthopedics,13,1,0,141.63,16.86,0.07692307692307693,0.09733847824704711,0.15699888285137892,0.5683351268011838,False,computed_after_attribution,
2026-03-12,FAC_000,respiratory,12,1,0,135.33999999999997,17.865000000000002,0.08333333333333333,0.09826621969127736,0.15813415999260208,0.5726686996690836,False,computed_after_attribution,
2026-03-12,FAC_000,surgical,18,0,0,108.67,16.87,0.0,0.10158540412953772,0.17820475755615836,0.6361996767980128,False,computed_after_attribution,
2026-03-12,FAC_000,transitional_care,20,0,1,158.6,16.545,0.0,0.10075960869509297,0.17093617408315487,0.6135681309445575,False,computed_after_attribution,
2026-03-13,FAC_000,acute_medicine,28,3,3,124.215,14.420000000000002,0.10714285714285714,0.0909283462614665,0.15220727827312347,0.5475501810808369,False,computed_after_attribution,
2026-03-13,FAC_000,cardiac,8,1,1,114.91,16.61,0.125,0.1065108944971108,0.1650653121906682,0.6017068310691154,False,computed_after_attribution,
2026-03-13,FAC_000,orthopedics,19,0,1,138.56,17.78,0.0,0.09733847824704711,0.15699888285137892,0.5683351268011838,False,computed_after_attribution,
2026-03-13,FAC_000,respiratory,19,0,0,133.66,15.12,0.0,0.09826621969127736,0.15813415999260208,0.5726686996690836,False,computed_after_attribution,
2026-03-13,FAC_000,surgical,22,2,0,124.11,15.735,0.09090909090909091,0.10158540412953772,0.17820475755615836,0.6361996767980128,False,computed_after_attribution,
2026-03-13,FAC_000,transitional_care,21,1,1,155.77,16.58,0.047619047619047616,0.10075960869509297,0.17093617408315487,0.6135681309445575,False,computed_after_attribution,
2026-03-14,FAC_000,acute_medicine,25,0,1,124.59,17.62,0.0,0.0909283462614665,0.15220727827312347,0.5475501810808369,False,computed_after_attribution,
2026-03-14,FAC_000,cardiac,18,1,0,107.3,18.78,0.05555555555555555,0.1065108944971108,0.1650653121906682,0.6017068310691154,False,computed_after_attribution,
2026-03-14,FAC_000,orthopedics,12,1,1,144.64999999999998,26.18,0.08333333333333333,0.09733847824704711,0.15699888285137892,0.5683351268011838,False,computed_after_attribution,
2026-03-14,FAC_000,respiratory,9,1,0,138.38,17.515,0.1111111111111111,0.09826621969127736,0.15813415999260208,0.5726686996690836,False,computed_after_attribution,
2026-03-14,FAC_000,surgical,12,0,0,105.945,14.59,0.0,0.10158540412953772,0.17820475755615836,0.6361996767980128,False,computed_after_attribution,
2026-03-14,FAC_000,transitional_care,13,1,1,169.99,14.77,0.07692307692307693,0.10075960869509297,0.17093617408315487,0.6135681309445575,False,computed_after_attribution,
2026-03-15,FAC_000,acute_medicine,24,0,0,128.115,17.27,0.0,0.0909283462614665,0.15220727827312347,0.5475501810808369,False,computed_after_attribution,
2026-03-15,FAC_000,cardiac,10,0,0,109.685,14.274999999999999,0.0,0.1065108944971108,0.1650653121906682,0.6017068310691154,False,computed_after_attribution,
2026-03-15,FAC_000,orthopedics,7,1,0,155.56,17.895,0.14285714285714285,0.09733847824704711,0.15699888285137892,0.5683351268011838,False,computed_after_attribution,
2026-03-15,FAC_000,respiratory,20,2,2,132.04,20.27,0.1,0.09826621969127736,0.15813415999260208,0.5726686996690836,False,computed_after_attribution,
2026-03-15,FAC_000,surgical,18,1,1,108.75,14.42,0.05555555555555555,0.10158540412953772,0.17820475755615836,0.6361996767980128,False,computed_after_attribution,
2026-03-15,FAC_000,transitional_care,14,1,0,159.535,18.7,0.07142857142857142,0.10075960869509297,0.17093617408315487,0.6135681309445575,False,computed_after_attribution,
2026-03-16,FAC_000,acute_medicine,36,1,2,124.33500000000001,14.120000000000001,0.027777777777777776,0.0909283462614665,0.15220727827312347,0.5475501810808369,False,computed_after_attribution,
2026-03-16,FAC_000,cardiac,14,0,0,105.38,14.09,0.0,0.1065108944971108,0.1650653121906682,0.6017068310691154,False,computed_after_attribution,
2026-03-16,FAC_000,orthopedics,13,0,0,138.59,15.25,0.0,0.09733847824704711,0.15699888285137892,0.5683351268011838,False,computed_after_attribution,
2026-03-16,FAC_000,respiratory,23,3,3,138.96,20.505,0.13043478260869565,0.09826621969127736,0.15813415999260208,0.5726686996690836,False,computed_after_attribution,
2026-03-16,FAC_000,surgical,14,1,2,116.655,15.39,0.07142857142857142,0.10158540412953772,0.17820475755615836,0.6361996767980128,False,computed_after_attribution,
2026-03-16,FAC_000,transitional_care,14,0,0,164.95,18.67,0.0,0.10075960869509297,0.17093617408315487,0.6135681309445575,False,computed_after_attribution,
2026-03-17,FAC_000,acute_medicine,39,5,6,124.64,18.33,0.1282051282051282,0.0909283462614665,0.15220727827312347,0.5475501810808369,False,computed_after_attribution,
2026-03-17,FAC_000,cardiac,12,2,1,104.66,15.26,0.16666666666666666,0.1065108944971108,0.1650653121906682,0.6017068310691154,False,computed_after_attribution,
2026-03-17,FAC_000,orthopedics,14,2,2,143.16500000000002,15.079999999999998,0.14285714285714285,0.09733847824704711,0.15699888285137892,0.5683351268011838,False,computed_after_attribution,
2026-03-17,FAC_000,respiratory,26,2,1,132.755,19.48,0.07692307692307693,0.09826621969127736,0.15813415999260208,0.5726686996690836,False,computed_after_attribution,
2026-03-17,FAC_000,surgical,22,3,2,112.63,14.19,0.13636363636363635,0.10158540412953772,0.17820475755615836,0.6361996767980128,False,computed_after_attribution,
2026-03-17,FAC_000,transitional_care,20,6,7,177.675,24.86,0.3,0.10075960869509297,0.17093617408315487,0.6135681309445575,False,computed_after_attribution,
2026-03-18,FAC_000,acute_medicine,29,3,3,135.79,21.46,0.10344827586206896,0.0909283462614665,0.15220727827312347,0.5475501810808369,False,computed_after_attribution,
2026-03-18,FAC_000,cardiac,19,2,2,108.57,16.740000000000002,0.10526315789473684,0.1065108944971108,0.1650653121906682,0.6017068310691154,False,computed_after_attribution,
2026-03-18,FAC_000,orthopedics,16,1,1,141.76,17.57,0.0625,0.09733847824704711,0.15699888285137892,0.5683351268011838,False,computed_after_attribution,
2026-03-18,FAC_000,respiratory,16,3,3,139.64,20.17,0.1875,0.09826621969127736,0.15813415999260208,0.5726686996690836,False,computed_after_attribution,
2026-03-18,FAC_000,surgical,23,2,2,109.53,19.81,0.08695652173913043,0.10158540412953772,0.17820475755615836,0.6361996767980128,False,computed_after_attribution,
2026-03-18,FAC_000,transitional_care,17,4,4,169.94,20.79,0.23529411764705882,0.10075960869509297,0.17093617408315487,0.6135681309445575,False,computed_after_attribution,
2026-03-19,FAC_000,acute_medicine,26,2,2,130.91500000000002,17.835,0.07692307692307693,0.0909283462614665,0.15220727827312347,0.5475501810808369,False,computed_after_attribution,
2026-03-19,FAC_000,cardiac,12,2,2,108.785,24.19,0.16666666666666666,0.1065108944971108,0.1650653121906682,0.6017068310691154,False,computed_after_attribution,
2026-03-19,FAC_000,orthopedics,15,2,2,143.38,19.29,0.13333333333333333,0.09733847824704711,0.15699888285137892,0.5683351268011838,False,computed_after_attribution,
2026-03-19,FAC_000,respiratory,24,2,2,136.91,13.094999999999999,0.08333333333333333,0.09826621969127736,0.15813415999260208,0.5726686996690836,False,computed_after_attribution,
2026-03-19,FAC_000,surgical,17,0,1,107.19,17.2,0.0,0.10158540412953772,0.17820475755615836,0.6361996767980128,False,computed_after_attribution,
2026-03-19,FAC_000,transitional_care,23,1,1,159.46,16.18,0.043478260869565216,0.10075960869509297,0.17093617408315487,0.6135681309445575,False,computed_after_attribution,
2026-03-20,FAC_000,acute_medicine,31,0,1,129.37,19.34,0.0,0.0909283462614665,0.15220727827312347,0.5475501810808369,False,computed_after_attribution,
2026-03-20,FAC_000,cardiac,16,0,0,105.25999999999999,17.165,0.0,0.1065108944971108,0.1650653121906682,0.6017068310691154,False,computed_after_attribution,
2026-03-20,FAC_000,orthopedics,7,0,0,136.17,18.88,0.0,0.09733847824704711,0.15699888285137892,0.5683351268011838,False,computed_after_attribution,
2026-03-20,FAC_000,respiratory,16,0,0,131.57999999999998,14.18,0.0,0.09826621969127736,0.15813415999260208,0.5726686996690836,False,computed_after_attribution,
2026-03-20,FAC_000,surgical,14,1,1,121.60499999999999,18.2,0.07142857142857142,0.10158540412953772,0.17820475755615836,0.6361996767980128,False,computed_after_attribution,
2026-03-20,FAC_000,transitional_care,18,1,1,155.53,19.45,0.05555555555555555,0.10075960869509297,0.17093617408315487,0.6135681309445575,False,computed_after_attribution,
2026-03-21,FAC_000,acute_medicine,29,0,0,118.25,14.74,0.0,0.0909283462614665,0.15220727827312347,0.5475501810808369,False,computed_after_attribution,
2026-03-21,FAC_000,cardiac,12,1,1,112.07,13.69,0.08333333333333333,0.1065108944971108,0.1650653121906682,0.6017068310691154,False,computed_after_attribution,
2026-03-21,FAC_000,orthopedics,16,1,1,145.565,20.845,0.0625,0.09733847824704711,0.15699888285137892,0.5683351268011838,False,computed_after_attribution,
2026-03-21,FAC_000,respiratory,11,0,0,125.71,16.5,0.0,0.09826621969127736,0.15813415999260208,0.5726686996690836,False,computed_after_attribution,
2026-03-21,FAC_000,surgical,19,0,0,110.16,17.68,0.0,0.10158540412953772,0.17820475755615836,0.6361996767980128,False,computed_after_attribution,
2026-03-21,FAC_000,transitional_care,19,0,0,161.05,14.75,0.0,0.10075960869509297,0.17093617408315487,0.6135681309445575,False,computed_after_attribution,
2026-03-22,FAC_000,acute_medicine,30,0,0,123.755,15.66,0.0,0.0909283462614665,0.15220727827312347,0.5475501810808369,False,computed_after_attribution,
2026-03-22,FAC_000,cardiac,9,0,0,104.75,18.69,0.0,0.1065108944971108,0.1650653121906682,0.6017068310691154,False,computed_after_attribution,
2026-03-22,FAC_000,orthopedics,20,0,1,137.4,11.38,0.0,0.09733847824704711,0.15699888285137892,0.5683351268011838,False,computed_after_attribution,
2026-03-22,FAC_000,respiratory,20,0,0,134.45499999999998,14.425,0.0,0.09826621969127736,0.15813415999260208,0.5726686996690836,False,computed_after_attribution,
2026-03-22,FAC_000,surgical,19,0,0,113.79,15.73,0.0,0.10158540412953772,0.17820475755615836,0.6361996767980128,False,computed_after_attribution,
2026-03-22,FAC_000,transitional_care,19,0,0,166.13,15.89,0.0,0.10075960869509297,0.17093617408315487,0.6135681309445575,False,computed_after_attribution,
2026-03-23,FAC_000,acute_medicine,24,1,1,123.655,14.58,0.041666666666666664,0.0909283462614665,0.15220727827312347,0.5475501810808369,False,computed_after_attribution,
2026-03-23,FAC_000,cardiac,13,1,0,108.24,19.92,0.07692307692307693,0.1065108944971108,0.1650653121906682,0.6017068310691154,False,computed_after_attribution,
2026-03-23,FAC_000,orthopedics,15,1,1,148.03,14.825,0.06666666666666667,0.09733847824704711,0.15699888285137892,0.5683351268011838,False,computed_after_attribution,
2026-03-23,FAC_000,respiratory,15,1,1,132.81,16.32,0.06666666666666667,0.09826621969127736,0.15813415999260208,0.5726686996690836,False,computed_after_attribution,
2026-03-23,FAC_000,surgical,22,1,1,109.655,17.79,0.045454545454545456,0.10158540412953772,0.17820475755615836,0.6361996767980128,False,computed_after_attribution,
2026-03-23,FAC_000,transitional_care,17,1,1,167.85,20.515,0.058823529411764705,0.10075960869509297,0.17093617408315487,0.6135681309445575,False,computed_after_attribution,
2026-03-24,FAC_000,acute_medicine,28,2,2,128.76,13.85,0.07142857142857142,0.0909283462614665,0.15220727827312347,0.5475501810808369,False,computed_after_attribution,
2026-03-24,FAC_000,cardiac,10,0,0,111.625,18.91,0.0,0.1065108944971108,0.1650653121906682,0.6017068310691154,False,computed_after_attribution,
2026-03-24,FAC_000,orthopedics,17,1,1,134.94,17.9,0.058823529411764705,0.09733847824704711,0.15699888285137892,0.5683351268011838,False,computed_after_attribution,
2026-03-24,FAC_000,respiratory,14,1,1,132.005,17.335,0.07142857142857142,0.09826621969127736,0.15813415999260208,0.5726686996690836,False,computed_after_attribution,
2026-03-24,FAC_000,surgical,13,2,2,113.28,17.47,0.15384615384615385,0.10158540412953772,0.17820475755615836,0.6361996767980128,False,computed_after_attribution,
2026-03-24,FAC_000,transitional_care,16,0,0,172.555,14.079999999999998,0.0,0.10075960869509297,0.17093617408315487,0.6135681309445575,False,computed_after_attribution,
2026-03-25,FAC_000,acute_medicine,30,3,3,129.565,16.035,0.1,0.0909283462614665,0.15220727827312347,0.5475501810808369,False,computed_after_attribution,
2026-03-25,FAC_000,cardiac,12,2,2,119.33,17.41,0.16666666666666666,0.1065108944971108,0.1650653121906682,0.6017068310691154,False,computed_after_attribution,
2026-03-25,FAC_000,orthopedics,14,0,0,132.275,14.795,0.0,0.09733847824704711,0.15699888285137892,0.5683351268011838,False,computed_after_attribution,
2026-03-25,FAC_000,respiratory,34,2,1,131.735,14.5,0.058823529411764705,0.09826621969127736,0.15813415999260208,0.5726686996690836,False,computed_after_attribution,
2026-03-25,FAC_000,surgical,28,7,6,117.98,19.515,0.25,0.10158540412953772,0.17820475755615836,0.6361996767980128,False,computed_after_attribution,
2026-03-25,FAC_000,transitional_care,15,1,2,159.24,20.655,0.06666666666666667,0.10075960869509297,0.17093617408315487,0.6135681309445575,False,computed_after_attribution,
2026-03-26,FAC_000,acute_medicine,26,2,1,128.78500000000003,15.51,0.07692307692307693,0.0909283462614665,0.15220727827312347,0.5475501810808369,False,computed_after_attribution,
2026-03-26,FAC_000,cardiac,19,0,0,98.67,18.45,0.0,0.1065108944971108,0.1650653121906682,0.6017068310691154,False,computed_after_attribution,
2026-03-26,FAC_000,orthopedics,10,1,0,140.885,16.555,0.1,0.09733847824704711,0.15699888285137892,0.5683351268011838,False,computed_after_attribution,
2026-03-26,FAC_000,respiratory,18,2,1,138.825,23.085,0.1111111111111111,0.09826621969127736,0.15813415999260208,0.5726686996690836,False,computed_after_attribution,
2026-03-26,FAC_000,surgical,17,3,2,120.76,18.61,0.17647058823529413,0.10158540412953772,0.17820475755615836,0.6361996767980128,False,computed_after_attribution,
2026-03-26,FAC_000,transitional_care,12,0,0,160.61,16.52,0.0,0.10075960869509297,0.17093617408315487,0.6135681309445575,False,computed_after_attribution,
2026-03-27,FAC_000,acute_medicine,35,0,1,123.67,17.66,0.0,0.0909283462614665,0.15220727827312347,0.5475501810808369,False,computed_after_attribution,
2026-03-27,FAC_000,cardiac,12,1,1,100.64,15.43,0.08333333333333333,0.1065108944971108,0.1650653121906682,0.6017068310691154,False,computed_after_attribution,
2026-03-27,FAC_000,orthopedics,17,2,3,140.6,15.5,0.11764705882352941,0.09733847824704711,0.15699888285137892,0.5683351268011838,False,computed_after_attribution,
2026-03-27,FAC_000,respiratory,23,0,0,135.11,19.515,0.0,0.09826621969127736,0.15813415999260208,0.5726686996690836,False,computed_after_attribution,
2026-03-27,FAC_000,surgical,21,1,2,125.3,19.12,0.047619047619047616,0.10158540412953772,0.17820475755615836,0.6361996767980128,False,computed_after_attribution,
2026-03-27,FAC_000,transitional_care,13,0,0,171.49,22.425,0.0,0.10075960869509297,0.17093617408315487,0.6135681309445575,False,computed_after_attribution,
2026-03-28,FAC_000,acute_medicine,26,0,0,128.225,17.575,0.0,0.0909283462614665,0.15220727827312347,0.5475501810808369,False,computed_after_attribution,
2026-03-28,FAC_000,cardiac,11,0,0,118.96,18.560000000000002,0.0,0.1065108944971108,0.1650653121906682,0.6017068310691154,False,computed_after_attribution,
2026-03-28,FAC_000,orthopedics,9,0,0,133.95,15.465,0.0,0.09733847824704711,0.15699888285137892,0.5683351268011838,False,computed_after_attribution,
2026-03-28,FAC_000,respiratory,17,2,1,130.38,15.94,0.11764705882352941,0.09826621969127736,0.15813415999260208,0.5726686996690836,False,computed_after_attribution,
2026-03-28,FAC_000,surgical,15,0,0,107.39,12.89,0.0,0.10158540412953772,0.17820475755615836,0.6361996767980128,False,computed_after_attribution,
2026-03-28,FAC_000,transitional_care,15,0,0,160.24,17.57,0.0,0.10075960869509297,0.17093617408315487,0.6135681309445575,False,computed_after_attribution,
2026-03-29,FAC_000,acute_medicine,25,0,0,121.39,16.68,0.0,0.0909283462614665,0.15220727827312347,0.5475501810808369,False,computed_after_attribution,
2026-03-29,FAC_000,cardiac,15,0,0,105.58,17.145,0.0,0.1065108944971108,0.1650653121906682,0.6017068310691154,False,computed_after_attribution,
2026-03-29,FAC_000,orthopedics,11,0,0,138.2,20.25,0.0,0.09733847824704711,0.15699888285137892,0.5683351268011838,False,computed_after_attribution,
2026-03-29,FAC_000,respiratory,24,0,0,131.875,16.215,0.0,0.09826621969127736,0.15813415999260208,0.5726686996690836,False,computed_after_attribution,
2026-03-29,FAC_000,surgical,11,1,1,108.23,13.27,0.09090909090909091,0.10158540412953772,0.17820475755615836,0.6361996767980128,False,computed_after_attribution,
2026-03-29,FAC_000,transitional_care,16,0,0,162.155,16.1,0.0,0.10075960869509297,0.17093617408315487,0.6135681309445575,False,computed_after_attribution,
2026-03-30,FAC_000,acute_medicine,28,1,2,126.725,16.01,0.03571428571428571,0.0909283462614665,0.15220727827312347,0.5475501810808369,False,computed_after_attribution,
2026-03-30,FAC_000,cardiac,17,0,0,105.38,15.375,0.0,0.1065108944971108,0.1650653121906682,0.6017068310691154,False,computed_after_attribution,
2026-03-30,FAC_000,orthopedics,16,0,0,134.765,13.685,0.0,0.09733847824704711,0.15699888285137892,0.5683351268011838,False,computed_after_attribution,
2026-03-30,FAC_000,respiratory,21,2,2,134.86,18.91,0.09523809523809523,0.09826621969127736,0.15813415999260208,0.5726686996690836,False,computed_after_attribution,
2026-03-30,FAC_000,surgical,21,2,3,122.16,17.02,0.09523809523809523,0.10158540412953772,0.17820475755615836,0.6361996767980128,False,computed_after_attribution,
2026-03-30,FAC_000,transitional_care,14,0,0,160.21,18.04,0.0,0.10075960869509297,0.17093617408315487,0.6135681309445575,False,computed_after_attribution,
2026-03-31,FAC_000,acute_medicine,28,4,4,126.605,16.235,0.14285714285714285,0.0909283462614665,0.15220727827312347,0.5475501810808369,False,computed_after_attribution,
2026-03-31,FAC_000,cardiac,11,3,3,125.95,22.51,0.2727272727272727,0.1065108944971108,0.1650653121906682,0.6017068310691154,False,computed_after_attribution,
2026-03-31,FAC_000,orthopedics,18,1,1,141.935,16.97,0.05555555555555555,0.09733847824704711,0.15699888285137892,0.5683351268011838,False,computed_after_attribution,
2026-03-31,FAC_000,respiratory,24,0,0,130.275,15.27,0.0,0.09826621969127736,0.15813415999260208,0.5726686996690836,False,computed_after_attribution,
2026-03-31,FAC_000,surgical,17,1,1,121.21,17.0,0.058823529411764705,0.10158540412953772,0.17820475755615836,0.6361996767980128,False,computed_after_attribution,
2026-03-31,FAC_000,transitional_care,13,1,1,172.65,15.1,0.07692307692307693,0.10075960869509297,0.17093617408315487,0.6135681309445575,False,computed_after_attribution,
2026-04-01,FAC_000,acute_medicine,31,2,2,123.06,17.9,0.06451612903225806,0.0909283462614665,0.15220727827312347,0.5475501810808369,False,computed_after_attribution,
2026-04-01,FAC_000,cardiac,17,1,1,108.98,17.02,0.058823529411764705,0.1065108944971108,0.1650653121906682,0.6017068310691154,False,computed_after_attribution,
2026-04-01,FAC_000,orthopedics,13,0,0,135.66,13.37,0.0,0.09733847824704711,0.15699888285137892,0.5683351268011838,False,computed_after_attribution,
2026-04-01,FAC_000,respiratory,25,1,0,131.09,14.19,0.04,0.09826621969127736,0.15813415999260208,0.5726686996690836,False,computed_after_attribution,
2026-04-01,FAC_000,surgical,13,0,0,111.65,12.8,0.0,0.10158540412953772,0.17820475755615836,0.6361996767980128,False,computed_after_attribution,
2026-04-01,FAC_000,transitional_care,14,0,0,161.945,19.72,0.0,0.10075960869509297,0.17093617408315487,0.6135681309445575,False,computed_after_attribution,
2026-04-02,FAC_000,acute_medicine,28,1,2,132.185,18.64,0.03571428571428571,0.0909283462614665,0.15220727827312347,0.5475501810808369,False,computed_after_attribution,
2026-04-02,FAC_000,cardiac,10,1,1,114.395,15.65,0.1,0.1065108944971108,0.1650653121906682,0.6017068310691154,False,computed_after_attribution,
2026-04-02,FAC_000,orthopedics,12,1,1,156.08999999999997,20.765,0.08333333333333333,0.09733847824704711,0.15699888285137892,0.5683351268011838,False,computed_after_attribution,
2026-04-02,FAC_000,respiratory,19,2,1,131.39,17.12,0.10526315789473684,0.09826621969127736,0.15813415999260208,0.5726686996690836,False,computed_after_attribution,
2026-04-02,FAC_000,surgical,14,0,1,121.91,19.38,0.0,0.10158540412953772,0.17820475755615836,0.6361996767980128,False,computed_after_attribution,
2026-04-02,FAC_000,transitional_care,18,0,0,148.685,15.67,0.0,0.10075960869509297,0.17093617408315487,0.6135681309445575,False,computed_after_attribution,
2026-04-03,FAC_000,acute_medicine,35,3,3,125.83,16.9,0.08571428571428572,0.0909283462614665,0.15220727827312347,0.5475501810808369,False,computed_after_attribution,
2026-04-03,FAC_000,cardiac,9,0,0,102.03,13.95,0.0,0.1065108944971108,0.1650653121906682,0.6017068310691154,False,computed_after_attribution,
2026-04-03,FAC_000,orthopedics,16,2,1,143.72,19.619999999999997,0.125,0.09733847824704711,0.15699888285137892,0.5683351268011838,False,computed_after_attribution,
2026-04-03,FAC_000,respiratory,14,2,2,144.94,19.43,0.14285714285714285,0.09826621969127736,0.15813415999260208,0.5726686996690836,False,computed_after_attribution,
2026-04-03,FAC_000,surgical,13,1,1,103.22,17.56,0.07692307692307693,0.10158540412953772,0.17820475755615836,0.6361996767980128,False,computed_after_attribution,
2026-04-03,FAC_000,transitional_care,20,3,3,162.91,17.045,0.15,0.10075960869509297,0.17093617408315487,0.6135681309445575,False,computed_after_attribution,
2026-04-04,FAC_000,acute_medicine,22,1,1,132.875,18.125,0.045454545454545456,0.0909283462614665,0.15220727827312347,0.5475501810808369,False,computed_after_attribution,
2026-04-04,FAC_000,cardiac,7,0,0,113.46,22.22,0.0,0.1065108944971108,0.1650653121906682,0.6017068310691154,False,computed_after_attribution,
2026-04-04,FAC_000,orthopedics,11,0,1,147.9,16.94,0.0,0.09733847824704711,0.15699888285137892,0.5683351268011838,False,computed_after_attribution,
2026-04-04,FAC_000,respiratory,16,0,0,135.53,17.53,0.0,0.09826621969127736,0.15813415999260208,0.5726686996690836,False,computed_after_attribution,
2026-04-04,FAC_000,surgical,17,0,0,116.29,15.329999999999998,0.0,0.10158540412953772,0.17820475755615836,0.6361996767980128,False,computed_after_attribution,
2026-04-04,FAC_000,transitional_care,15,0,0,162.73,17.98,0.0,0.10075960869509297,0.17093617408315487,0.6135681309445575,False,computed_after_attribution,
2026-04-05,FAC_000,acute_medicine,22,2,0,127.27,17.67,0.09090909090909091,0.0909283462614665,0.15220727827312347,0.5475501810808369,False,computed_after_attribution,
2026-04-05,FAC_000,cardiac,4,2,0,134.35,15.969999999999999,0.5,0.1065108944971108,0.1650653121906682,0.6017068310691154,False,computed_after_attribution,
2026-04-05,FAC_000,orthopedics,6,0,0,139.54500000000002,13.52,0.0,0.09733847824704711,0.15699888285137892,0.5683351268011838,False,computed_after_attribution,
2026-04-05,FAC_000,respiratory,29,4,1,131.35,18.33,0.13793103448275862,0.09826621969127736,0.15813415999260208,0.5726686996690836,False,computed_after_attribution,
2026-04-05,FAC_000,surgical,19,1,1,119.59,16.93,0.05263157894736842,0.10158540412953772,0.17820475755615836,0.6361996767980128,False,computed_after_attribution,
2026-04-05,FAC_000,transitional_care,22,0,0,158.36,16.96,0.0,0.10075960869509297,0.17093617408315487,0.6135681309445575,False,computed_after_attribution,
2026-04-06,FAC_000,acute_medicine,15,2,2,143.18,24.655,0.13333333333333333,0.0909283462614665,0.15220727827312347,0.5475501810808369,False,computed_after_attribution,
2026-04-06,FAC_000,cardiac,1,1,1,192.41,66.51,1.0,0.1065108944971108,0.1650653121906682,0.6017068310691154,True,computed_after_attribution,
2026-04-06,FAC_000,orthopedics,13,0,0,140.7,21.08,0.0,0.09733847824704711,0.15699888285137892,0.5683351268011838,False,computed_after_attribution,
2026-04-06,FAC_000,respiratory,12,1,0,142.865,17.725,0.08333333333333333,0.09826621969127736,0.15813415999260208,0.5726686996690836,False,computed_after_attribution,
2026-04-06,FAC_000,surgical,3,1,0,151.81,29.02,0.3333333333333333,0.10158540412953772,0.17820475755615836,0.6361996767980128,False,computed_after_attribution,
2026-04-06,FAC_000,transitional_care,12,2,1,171.245,14.56,0.16666666666666666,0.10075960869509297,0.17093617408315487,0.6135681309445575,False,computed_after_attribution,
2026-04-07,FAC_000,acute_medicine,4,2,0,162.48000000000002,32.47,0.5,0.0909283462614665,0.15220727827312347,0.5475501810808369,False,computed_after_attribution,
2026-04-07,FAC_000,respiratory,7,4,2,173.02,27.64,0.5714285714285714,0.09826621969127736,0.15813415999260208,0.5726686996690836,False,computed_after_attribution,
2026-04-07,FAC_000,transitional_care,10,2,1,181.47000000000003,35.9,0.2,0.10075960869509297,0.17093617408315487,0.6135681309445575,False,computed_after_attribution,
2026-04-08,FAC_000,acute_medicine,7,7,6,211.69,98.945,1.0,0.0909283462614665,0.15220727827312347,0.5475501810808369,True,computed_after_attribution,
2026-04-08,FAC_000,cardiac,1,1,1,181.29,104.72,1.0,0.1065108944971108,0.1650653121906682,0.6017068310691154,True,computed_after_attribution,
2026-04-08,FAC_000,respiratory,2,2,2,230.18,109.145,1.0,0.09826621969127736,0.15813415999260208,0.5726686996690836,True,computed_after_attribution,
2026-04-08,FAC_000,surgical,1,1,1,205.5,106.09,1.0,0.10158540412953772,0.17820475755615836,0.6361996767980128,True,computed_after_attribution,
2026-04-08,FAC_000,transitional_care,5,4,3,243.78,86.25,0.8,0.10075960869509297,0.17093617408315487,0.6135681309445575,True,computed_after_attribution,
2026-04-09,FAC_000,acute_medicine,3,3,3,233.53,131.07,1.0,0.0909283462614665,0.15220727827312347,0.5475501810808369,True,computed_after_attribution,
2026-04-09,FAC_000,orthopedics,1,1,1,256.44,136.57,1.0,0.09733847824704711,0.15699888285137892,0.5683351268011838,True,computed_after_attribution,
2026-04-09,FAC_000,respiratory,1,1,1,270.64,144.84,1.0,0.09826621969127736,0.15813415999260208,0.5726686996690836,True,computed_after_attribution,
2026-04-10,FAC_000,surgical,2,2,1,247.16,133.86,1.0,0.10158540412953772,0.17820475755615836,0.6361996767980128,True,computed_after_attribution,
2026-04-10,FAC_000,transitional_care,2,2,2,256.03,120.15,1.0,0.10075960869509297,0.17093617408315487,0.6135681309445575,True,computed_after_attribution,
2026-04-11,FAC_000,orthopedics,1,1,1,258.24,145.47,1.0,0.09733847824704711,0.15699888285137892,0.5683351268011838,True,computed_after_attribution,
2026-04-11,FAC_000,surgical,1,1,1,259.3,143.73,1.0,0.10158540412953772,0.17820475755615836,0.6361996767980128,True,computed_after_attribution,
2026-04-11,FAC_000,transitional_care,1,1,1,303.13,129.41,1.0,0.10075960869509297,0.17093617408315487,0.6135681309445575,True,computed_after_attribution,
